;id;article_id;url;source;geonames_id;geoname_json;loc_name;loc_country_code;continent;lat;lng;hierarchy_data;published_at;disease;host;symptom subtype;symptom;title;sentences;day_no;week_no;biweek_no;month_no;year;season
0;1;['79-0J4IPMGUI4'];['https://en.antaranews.com/news/127377/fao-antara-deliver-briefing-on-animal-to-human-diseases-in-indonesia'];['antaranews.com'];1643084;"{""address"": ""Indonesia"", ""class_description"": ""country, state, region,..."", ""code"": ""PCLI"", ""country"": ""Indonesia"", ""country_code"": ""ID"", ""description"": ""independent political entity"", ""feature_class"": ""A"", ""geonames_id"": 1643084, ""lat"": ""-5"", ""lng"": ""120"", ""ok"": true, ""population"": 267663435, ""raw"": {""adminCode1"": ""00"", ""lng"": ""120"", ""geonameId"": 1643084, ""toponymName"": ""Republic of Indonesia"", ""countryId"": ""1643084"", ""fcl"": ""A"", ""population"": 267663435, ""countryCode"": ""ID"", ""name"": ""Indonesia"", ""fclName"": ""country, state, region,..."", ""countryName"": ""Indonesia"", ""fcodeName"": ""independent political entity"", ""adminName1"": """", ""lat"": ""-5"", ""fcode"": ""PCLI""}, ""state_code"": ""00"", ""status"": ""OK""}";Indonesia;IDN;AS;-5.0;120.0;[1643084];2019-06-19T14:00:27;['', 'AI-unknown'];"{""bird-unknown"": [""subtype-unknown""]}";;;;;19;25;13.0;6;2019;spring
1;2;['80-20XODDU1BY', '521-XHWBWZBROZ'];['https://www.tribuneindia.com/news/nation/bird-flu-scare-in-bihar-s-muzaffarpur-after-dozen-crows-found-dead/709523.html', 'https://www.thehindu.com/news/national/other-states/dead-crows-trigger-bird-flu-scare-in-bihar/article25926830.ece'];['tribuneindia.com', 'thehindu.com'];1262330;"{""adminCode1"": ""34"", ""lng"": ""85.39055"", ""geonameId"": 1262330, ""toponymName"": ""Muzaffarpur"", ""countryId"": ""1269750"", ""fcl"": ""P"", ""population"": 333200, ""countryCode"": ""IN"", ""name"": ""Muzaffarpur"", ""fclName"": ""city, village,..."", ""adminCodes1"": {""ISO3166_2"": ""BR""}, ""countryName"": ""India"", ""fcodeName"": ""populated place"", ""adminName1"": ""Bihar"", ""lat"": ""26.12259"", ""fcode"": ""PPL""}";Muzaffarpur;IND;AS;26.12259;85.39055;[1269750, 1275715, 1262331, 1262330];2019-01-06T16:36:24;['', 'AI-unknown'];"{""wild bird"": [""crow""]}";;;;;6;1;1.0;1;2019;winter
2;3;['82-20XODDU1BY', '268-DWYXNSF9J0', '340-H6ORZ7S6XV'];['https://www.tribuneindia.com/news/nation/bird-flu-scare-in-bihar-s-muzaffarpur-after-dozen-crows-found-dead/709523.html', 'https://timesofindia.indiatimes.com/city/patna/more-crows-found-dead-in-patna-siwan-and-muzaffarpur/articleshow/67426141.cms', 'https://timesofindia.indiatimes.com/city/patna/more-crows-die-in-patna-nawada/articleshow/67371432.cms'];['tribuneindia.com', 'indiatimes.com', 'indiatimes.com'];1260086;"{""adminCode1"": ""34"", ""lng"": ""85.13563"", ""geonameId"": 1260086, ""toponymName"": ""Patna"", ""countryId"": ""1269750"", ""fcl"": ""P"", ""population"": 1599920, ""countryCode"": ""IN"", ""name"": ""Patna"", ""fclName"": ""city, village,..."", ""adminCodes1"": {""ISO3166_2"": ""BR""}, ""countryName"": ""India"", ""fcodeName"": ""seat of a first-order administrative division"", ""adminName1"": ""Bihar"", ""lat"": ""25.59408"", ""fcode"": ""PPLA""}";Patna;IND;AS;25.59408;85.13563;[1269750, 1275715, 1260091, 1260086];2019-01-04T00:58:00;['', 'AI-unknown'];"{""wild bird"": [""crow""]}";;;;;4;1;1.0;1;2019;winter
3;4;['84-21QGHOWMCA', '225-BOWGJA1DHD', '484-U4YF1FDZTE', '126-44UA2MJBU2'];['https://www.hindustantimes.com/patna/bird-flu-spreads-in-munger-bihar-government-orders-culling-of-birds/story-M3ZmDXn1FkiGrcBldX8fUO.html', 'https://www.downtoearth.org.in/news/health/fear-of-bird-flu-outbreak-grips-bihar-62774', 'https://timesofindia.indiatimes.com/city/jamshedpur/bird-flu-alert-in-e-singhbhum-dist/articleshow/67493584.cms', 'https://timesofindia.indiatimes.com/city/patna/test-confirms-bird-flu-in-banka-village/articleshow/67506251.cms'];['hindustantimes.com', 'downtoearth.org.in', 'indiatimes.com', 'indiatimes.com'];1262482;"{""adminCode1"": ""34"", ""lng"": ""86.47455"", ""geonameId"": 1262482, ""toponymName"": ""Monghyr"", ""countryId"": ""1269750"", ""fcl"": ""P"", ""population"": 203163, ""countryCode"": ""IN"", ""name"": ""Munger"", ""fclName"": ""city, village,..."", ""adminCodes1"": {""ISO3166_2"": ""BR""}, ""countryName"": ""India"", ""fcodeName"": ""populated place"", ""adminName1"": ""Bihar"", ""lat"": ""25.37459"", ""fcode"": ""PPL""}";Monghyr;IND;AS;25.37459;86.47455;[1269750, 1275715, 1262483, 1262482];2019-01-04T08:08:00;['', 'AI-unknown'];"{""bird-unknown"": [""subtype-unknown""]}";;;;;4;1;1.0;1;2019;winter
4;5;['89-221FB2FMLU'];['https://www.business-standard.com/article/news-ians/first-bird-flu-death-reported-in-nepal-119050300304_1.html'];['business-standard.com'];1282988;"{""address"": ""Nepal"", ""class_description"": ""country, state, region,..."", ""code"": ""PCLI"", ""country"": ""Nepal"", ""country_code"": ""NP"", ""description"": ""independent political entity"", ""feature_class"": ""A"", ""geonames_id"": 1282988, ""lat"": ""28"", ""lng"": ""84"", ""ok"": true, ""population"": 28087871, ""raw"": {""adminCode1"": ""00"", ""lng"": ""84"", ""geonameId"": 1282988, ""toponymName"": ""Nepal"", ""countryId"": ""1282988"", ""fcl"": ""A"", ""population"": 28087871, ""countryCode"": ""NP"", ""name"": ""Nepal"", ""fclName"": ""country, state, region,..."", ""countryName"": ""Nepal"", ""fcodeName"": ""independent political entity"", ""adminName1"": """", ""lat"": ""28"", ""fcode"": ""PCLI""}, ""state_code"": ""00"", ""status"": ""OK""}";Nepal;NPL;AS;28.0;84.0;[1282988];2019-05-03T06:16:07;['h5n1', 'HPAI'];"{""bird-unknown"": [""subtype-unknown""]}";;;;;3;18;9.0;5;2019;spring
5;6;['93-2IDC1YIJ9I'];['https://timesofindia.indiatimes.com/city/patna/patna-zoo-reopens-after-49-days/articleshow/67965728.cms'];['indiatimes.com'];1260086;"{""adminCode1"": ""34"", ""lng"": ""85.13563"", ""geonameId"": 1260086, ""toponymName"": ""Patna"", ""countryId"": ""1269750"", ""fcl"": ""P"", ""population"": 1599920, ""countryCode"": ""IN"", ""name"": ""Patna"", ""fclName"": ""city, village,..."", ""adminCodes1"": {""ISO3166_2"": ""BR""}, ""countryName"": ""India"", ""fcodeName"": ""seat of a first-order administrative division"", ""adminName1"": ""Bihar"", ""lat"": ""25.59408"", ""fcode"": ""PPLA""}";Patna;IND;AS;25.59408;85.13563;[1269750, 1275715, 1260091, 1260086];2019-02-13T01:17:00;['', 'AI-unknown'];"{""domestic bird"": [""peafowl""]}";;;;;13;7;4.0;2;2019;winter
6;7;['99-2WSR0KM2IQ'];['https://www.telegraphindia.com/states/jharkhand/bird-flu-alert-in-bokaro-after-crows-start-dropping-dead/cid/1684162'];['telegraphindia.com'];1275841;"{""adminCode1"": ""35"", ""lng"": ""77.40289"", ""geonameId"": 1275841, ""toponymName"": ""Bhop\u0101l"", ""countryId"": ""1269750"", ""fcl"": ""P"", ""population"": 1599914, ""countryCode"": ""IN"", ""name"": ""Bhopal"", ""fclName"": ""city, village,..."", ""adminCodes1"": {""ISO3166_2"": ""MP""}, ""countryName"": ""India"", ""fcodeName"": ""seat of a first-order administrative division"", ""adminName1"": ""Madhya Pradesh"", ""lat"": ""23.25469"", ""fcode"": ""PPLA""}";Bhopāl;IND;AS;23.25469;77.40289;[1269750, 1264542, 1275842, 1275841];2019-02-10T20:42:00;['h5n1', 'HPAI'];"{""wild bird"": [""crow""]}";;;;;10;6;3.0;2;2019;winter
7;8;['106-2Z5RCD9RVV'];['https://www.nyoooz.com/news/patna/1296747/bird-flu-over-2000-birds-culled-in-munger/'];['nyoooz.com'];1275004;"{""adminCode1"": ""28"", ""lng"": ""88.36304"", ""geonameId"": 1275004, ""toponymName"": ""Kolkata"", ""countryId"": ""1269750"", ""fcl"": ""P"", ""population"": 4631392, ""countryCode"": ""IN"", ""name"": ""Kolkata"", ""fclName"": ""city, village,..."", ""adminCodes1"": {""ISO3166_2"": ""WB""}, ""countryName"": ""India"", ""fcodeName"": ""seat of a first-order administrative division"", ""adminName1"": ""West Bengal"", ""lat"": ""22.56263"", ""fcode"": ""PPLA""}";Kolkata;IND;AS;22.56263;88.36304;[1269750, 1252881, 1275005, 1275004];2019-01-06T01:24:38;['', 'AI-unknown'];"{""bird-unknown"": [""subtype-unknown""]}";;;;;6;1;1.0;1;2019;winter
8;9;['108-3BGUMKZLA3', '360-JOEOBR81ZG'];['http://www.thepoultrysite.com/poultrynews/40820/taiwans-yunlin-county-culls-62nd-poultry-farm-in-2018-due-to-bird-flu', 'https://www.taiwannews.com.tw/en/news/3608213'];['thepoultrysite.com', 'taiwannews.com.tw'];1665196;"{""adminCode1"": ""04"", ""lng"": ""120.54333"", ""geonameId"": 1665196, ""toponymName"": ""Douliu"", ""countryId"": ""1668284"", ""fcl"": ""P"", ""population"": 104723, ""countryCode"": ""TW"", ""name"": ""Douliu"", ""fclName"": ""city, village,..."", ""countryName"": ""Taiwan"", ""fcodeName"": ""seat of a second-order administrative division"", ""adminName1"": ""Taiwan"", ""lat"": ""23.70944"", ""fcode"": ""PPLA2""}";Douliu;TWN;AS;23.70944;120.54333;[1668284, 7280291, 1665194, 1667006, 1665196];2019-01-01T07:31:00;['', 'AI-unknown'];"{""domestic bird"": [""turkey""]}";;;;;1;1;1.0;1;2019;winter
9;10;['111-3J4LIF3XSF'];['https://www.business-standard.com/article/pti-stories/nepal-witnesses-first-bird-flu-death-119050300454_1.html'];['business-standard.com'];1283240;"{""adminCode1"": ""3"", ""lng"": ""85.3206"", ""geonameId"": 1283240, ""toponymName"": ""Kathmandu"", ""countryId"": ""1282988"", ""fcl"": ""P"", ""population"": 1442271, ""countryCode"": ""NP"", ""name"": ""Kathmandu"", ""fclName"": ""city, village,..."", ""adminCodes1"": {""ISO3166_2"": ""P3""}, ""countryName"": ""Nepal"", ""fcodeName"": ""capital of a political entity"", ""adminName1"": ""Bagmati Province"", ""lat"": ""27.70169"", ""fcode"": ""PPLC""}";Kathmandu;NPL;AS;27.70169;85.3206;[1282988, 12095449, 12095484, 1283240];2019-05-03T08:35:11;['', 'AI-unknown'];"{""human"": [""gender-unknown""]}";;;;;3;18;9.0;5;2019;spring
10;11;['117-44CSC3CRW5'];['https://timesofindia.indiatimes.com/city/patna/avian-influenza-1400-birds-culled-in-munger/articleshow/67387607.cms'];['indiatimes.com'];1262482;"{""adminCode1"": ""34"", ""lng"": ""86.47455"", ""geonameId"": 1262482, ""toponymName"": ""Monghyr"", ""countryId"": ""1269750"", ""fcl"": ""P"", ""population"": 203163, ""countryCode"": ""IN"", ""name"": ""Munger"", ""fclName"": ""city, village,..."", ""adminCodes1"": {""ISO3166_2"": ""BR""}, ""countryName"": ""India"", ""fcodeName"": ""populated place"", ""adminName1"": ""Bihar"", ""lat"": ""25.37459"", ""fcode"": ""PPL""}";Monghyr;IND;AS;25.37459;86.47455;[1269750, 1275715, 1262483, 1262482];2019-01-04T19:30:00;['', 'AI-unknown'];"{""wild bird"": [""crow""]}";;;;;4;1;1.0;1;2019;winter
11;12;['122-44UA2MJBU2', '211-AH4OCX35TK', '484-U4YF1FDZTE'];['https://timesofindia.indiatimes.com/city/patna/test-confirms-bird-flu-in-banka-village/articleshow/67506251.cms', 'https://timesofindia.indiatimes.com/city/patna/no-humans-infected-with-bird-flu-in-bihar-so-far/articleshow/67531100.cms', 'https://timesofindia.indiatimes.com/city/jamshedpur/bird-flu-alert-in-e-singhbhum-dist/articleshow/67493584.cms'];['indiatimes.com', 'indiatimes.com', 'indiatimes.com'];8858072;"{""adminCode1"": ""34"", ""lng"": ""86.98425"", ""geonameId"": 8858072, ""toponymName"": ""Banka"", ""countryId"": ""1269750"", ""fcl"": ""A"", ""population"": 2034763, ""countryCode"": ""IN"", ""name"": ""Banka"", ""fclName"": ""country, state, region,..."", ""adminCodes1"": {""ISO3166_2"": ""BR""}, ""countryName"": ""India"", ""fcodeName"": ""second-order administrative division"", ""adminName1"": ""Bihar"", ""lat"": ""24.89214"", ""fcode"": ""ADM2""}";Banka;IND;AS;24.89214;86.98425;[1269750, 1275715, 8858072];2019-01-12T07:00:00;['', 'AI-unknown'];"{""bird-unknown"": [""subtype-unknown""]}";;;;;12;2;1.0;1;2019;winter
12;13;['123-44UA2MJBU2', '267-DN7QX2PIF6', '467-SXG58PD1VZ'];['https://timesofindia.indiatimes.com/city/patna/test-confirms-bird-flu-in-banka-village/articleshow/67506251.cms', 'https://www.indiatoday.in/india/story/bihar-bird-flu-h1n1-h5n1-patna-zoo-peacocks-death-1424694-2019-01-06', 'https://www.hindustantimes.com/patna/patna-zoo-is-safe-now-set-to-reopen-next-week-bird-flu-ruled-out/story-bCgNyn5MwXzx8z6bKfxc1N.html'];['indiatimes.com', 'indiatoday.in', 'hindustantimes.com'];1275841;"{""adminCode1"": ""35"", ""lng"": ""77.40289"", ""geonameId"": 1275841, ""toponymName"": ""Bhop\u0101l"", ""countryId"": ""1269750"", ""fcl"": ""P"", ""population"": 1599914, ""countryCode"": ""IN"", ""name"": ""Bhopal"", ""fclName"": ""city, village,..."", ""adminCodes1"": {""ISO3166_2"": ""MP""}, ""countryName"": ""India"", ""fcodeName"": ""seat of a first-order administrative division"", ""adminName1"": ""Madhya Pradesh"", ""lat"": ""23.25469"", ""fcode"": ""PPLA""}";Bhopāl;IND;AS;23.25469;77.40289;[1269750, 1264542, 1275842, 1275841];2019-01-06T10:56:00;['', 'AI-unknown'];"{""bird-unknown"": [""subtype-unknown""]}";;;;;6;1;1.0;1;2019;winter
13;14;['126-44UA2MJBU2', '225-BOWGJA1DHD', '484-U4YF1FDZTE', '84-21QGHOWMCA'];['https://timesofindia.indiatimes.com/city/patna/test-confirms-bird-flu-in-banka-village/articleshow/67506251.cms', 'https://www.downtoearth.org.in/news/health/fear-of-bird-flu-outbreak-grips-bihar-62774', 'https://timesofindia.indiatimes.com/city/jamshedpur/bird-flu-alert-in-e-singhbhum-dist/articleshow/67493584.cms', 'https://www.hindustantimes.com/patna/bird-flu-spreads-in-munger-bihar-government-orders-culling-of-birds/story-M3ZmDXn1FkiGrcBldX8fUO.html'];['indiatimes.com', 'downtoearth.org.in', 'indiatimes.com', 'hindustantimes.com'];1262482;"{""adminCode1"": ""34"", ""lng"": ""86.47455"", ""geonameId"": 1262482, ""toponymName"": ""Monghyr"", ""countryId"": ""1269750"", ""fcl"": ""P"", ""population"": 203163, ""countryCode"": ""IN"", ""name"": ""Munger"", ""fclName"": ""city, village,..."", ""adminCodes1"": {""ISO3166_2"": ""BR""}, ""countryName"": ""India"", ""fcodeName"": ""populated place"", ""adminName1"": ""Bihar"", ""lat"": ""25.37459"", ""fcode"": ""PPL""}";Monghyr;IND;AS;25.37459;86.47455;[1269750, 1275715, 1262483, 1262482];2019-01-04T08:08:00;['', 'AI-unknown'];"{""bird-unknown"": [""subtype-unknown""]}";;;;;4;1;1.0;1;2019;winter
14;15;['133-4CO09Z4RKL', '286-EF8DUZYCZU'];['http://www.xinhuanet.com/english/2019-01/04/c_137720220.htm', 'http://www.china.org.cn/world/2019-01/05/content_74343747.htm'];['xinhuanet.com', 'china.org.cn'];1262482;"{""adminCode1"": ""34"", ""lng"": ""86.47455"", ""geonameId"": 1262482, ""toponymName"": ""Monghyr"", ""countryId"": ""1269750"", ""fcl"": ""P"", ""population"": 203163, ""countryCode"": ""IN"", ""name"": ""Munger"", ""fclName"": ""city, village,..."", ""adminCodes1"": {""ISO3166_2"": ""BR""}, ""countryName"": ""India"", ""fcodeName"": ""populated place"", ""adminName1"": ""Bihar"", ""lat"": ""25.37459"", ""fcode"": ""PPL""}";Monghyr;IND;AS;25.37459;86.47455;[1269750, 1275715, 1262483, 1262482];2019-01-04T13:34:13;['', 'AI-unknown'];"{""domestic bird"": [""subtype-unknown""]}";;;;;4;1;1.0;1;2019;winter
15;16;['135-4CO09Z4RKL', '376-KSHTT0900H', '266-DN7QX2PIF6'];['http://www.xinhuanet.com/english/2019-01/04/c_137720220.htm', 'http://www.thepoultrysite.com/poultrynews/40835/bird-flu-outbreak-in-bihar-india-leads-to-cull', 'https://www.indiatoday.in/india/story/bihar-bird-flu-h1n1-h5n1-patna-zoo-peacocks-death-1424694-2019-01-06'];['xinhuanet.com', 'thepoultrysite.com', 'indiatoday.in'];1260086;"{""adminCode1"": ""34"", ""lng"": ""85.13563"", ""geonameId"": 1260086, ""toponymName"": ""Patna"", ""countryId"": ""1269750"", ""fcl"": ""P"", ""population"": 1599920, ""countryCode"": ""IN"", ""name"": ""Patna"", ""fclName"": ""city, village,..."", ""adminCodes1"": {""ISO3166_2"": ""BR""}, ""countryName"": ""India"", ""fcodeName"": ""seat of a first-order administrative division"", ""adminName1"": ""Bihar"", ""lat"": ""25.59408"", ""fcode"": ""PPLA""}";Patna;IND;AS;25.59408;85.13563;[1269750, 1275715, 1260091, 1260086];2019-01-04T13:34:13;['', 'AI-unknown'];"{""domestic bird"": [""chicken""]}";;;;;4;1;1.0;1;2019;winter
16;17;['149-5L0XE5CW6V'];['https://www.dailytrust.com.ng/step-up-bio-security-as-bird-flu-hits-bauchi-plateau.html'];['dailytrust.com.ng'];2347470;"{""adminCode1"": ""46"", ""lng"": ""9.84388"", ""geonameId"": 2347470, ""toponymName"": ""Bauchi"", ""countryId"": ""2328926"", ""fcl"": ""P"", ""population"": 693700, ""countryCode"": ""NG"", ""name"": ""Bauchi"", ""fclName"": ""city, village,..."", ""adminCodes1"": {""ISO3166_2"": ""BA""}, ""countryName"": ""Nigeria"", ""fcodeName"": ""seat of a first-order administrative division"", ""adminName1"": ""Bauchi"", ""lat"": ""10.31032"", ""fcode"": ""PPLA""}";Bauchi;NGA;AF;10.31032;9.84388;[2328926, 2347468, 7729984, 9412620, 2347470];2019-02-24T07:00:00;['', 'AI-unknown'];"{""bird-unknown"": [""subtype-unknown""]}";;;;;24;8;4.0;2;2019;winter
17;18;['152-5T2TF85EGU'];['http://outbreaknewstoday.com/nepal-reports-1st-human-h5n1-avian-influenza-death-28437/'];['outbreaknewstoday.com'];1861060;"{""address"": ""Japan"", ""class_description"": ""country, state, region,..."", ""code"": ""PCLI"", ""country"": ""Japan"", ""country_code"": ""JP"", ""description"": ""independent political entity"", ""feature_class"": ""A"", ""geonames_id"": 1861060, ""lat"": ""35.68536"", ""lng"": ""139.75309"", ""ok"": true, ""population"": 126529100, ""raw"": {""adminCode1"": ""00"", ""lng"": ""139.75309"", ""geonameId"": 1861060, ""toponymName"": ""Japan"", ""countryId"": ""1861060"", ""fcl"": ""A"", ""population"": 126529100, ""countryCode"": ""JP"", ""name"": ""Japan"", ""fclName"": ""country, state, region,..."", ""countryName"": ""Japan"", ""fcodeName"": ""independent political entity"", ""adminName1"": """", ""lat"": ""35.68536"", ""fcode"": ""PCLI""}, ""state_code"": ""00"", ""status"": ""OK""}";Japan;JPN;AS;35.68536;139.75309;[1861060];2019-05-03T07:15:01;['', 'AI-unknown'];"{""human"": [""gender-unknown""]}";;;;;3;18;9.0;5;2019;spring
18;19;['158-6R8IQQLEZP'];['http://focustaiwan.tw/news/asoc/201901260015.aspx'];['focustaiwan.tw'];1675151;"{""adminCode1"": ""04"", ""lng"": ""120.96861"", ""geonameId"": 1675151, ""toponymName"": ""Hsinchu"", ""countryId"": ""1668284"", ""fcl"": ""P"", ""population"": 404109, ""countryCode"": ""TW"", ""name"": ""Hsinchu"", ""fclName"": ""city, village,..."", ""countryName"": ""Taiwan"", ""fcodeName"": ""seat of a second-order administrative division"", ""adminName1"": ""Taiwan"", ""lat"": ""24.80361"", ""fcode"": ""PPLA2""}";Hsinchu;TWN;AS;24.80361;120.96861;[1668284, 7280291, 1675103, 1675151];2019-01-26T12:34:08;['', 'AI-unknown'];"{""domestic bird"": [""chicken""]}";;;;;26;4;2.0;1;2019;winter
19;20;['159-75F89AM7KL', '501-VOMLI0KKNN'];['http://kathmandupost.ekantipur.com/news/2019-03-18/bird-flu-detected-in-two-kathmandu-poultry-farms.html', 'https://setopati.net/social/142157'];['kathmandupost.ekantipur.com', 'setopati.net'];1283240;"{""adminCode1"": ""3"", ""lng"": ""85.3206"", ""geonameId"": 1283240, ""toponymName"": ""Kathmandu"", ""countryId"": ""1282988"", ""fcl"": ""P"", ""population"": 1442271, ""countryCode"": ""NP"", ""name"": ""Kathmandu"", ""fclName"": ""city, village,..."", ""adminCodes1"": {""ISO3166_2"": ""P3""}, ""countryName"": ""Nepal"", ""fcodeName"": ""capital of a political entity"", ""adminName1"": ""Bagmati Province"", ""lat"": ""27.70169"", ""fcode"": ""PPLC""}";Kathmandu;NPL;AS;27.70169;85.3206;[1282988, 12095449, 12095484, 1283240];2019-03-17T12:07:15;['', 'AI-unknown'];"{""domestic bird"": [""chicken""]}";;;;;17;11;6.0;3;2019;winter
20;21;['160-7B5YUAB6QG'];['https://thehimalayantimes.com/nepal/chitwan-on-high-alert-following-bird-flu-in-makawanpur/'];['thehimalayantimes.com'];12095461;"{""adminCode1"": ""3"", ""lng"": ""84.45318"", ""geonameId"": 12095461, ""toponymName"": ""Chitwan"", ""countryId"": ""1282988"", ""fcl"": ""A"", ""population"": 0, ""countryCode"": ""NP"", ""name"": ""Chitwan"", ""fclName"": ""country, state, region,..."", ""adminCodes1"": {""ISO3166_2"": ""P3""}, ""countryName"": ""Nepal"", ""fcodeName"": ""second-order administrative division"", ""adminName1"": ""Bagmati Province"", ""lat"": ""27.61796"", ""fcode"": ""ADM2""}";Chitwan;NPL;AS;27.61796;84.45318;[1282988, 12095449, 12095461];2019-03-16T04:39:32;['', 'AI-unknown'];"{""bird-unknown"": [""subtype-unknown""]}";;;;;16;11;6.0;3;2019;winter
21;22;['168-7QLPEYCIRT'];['https://www.nepalisansar.com/health/avian-flu-spread-raises-concerns-in-kathmandu-dept-begins-probe/'];['nepalisansar.com'];7802141;"{""adminCode1"": ""CR"", ""lng"": ""85.14128"", ""geonameId"": 7802141, ""toponymName"": ""Kumari"", ""countryId"": ""1282988"", ""fcl"": ""A"", ""population"": 0, ""countryCode"": ""NP"", ""name"": ""Kumari"", ""fclName"": ""country, state, region,..."", ""adminCodes1"": {""ISO3166_2"": ""1""}, ""countryName"": ""Nepal"", ""fcodeName"": ""historical fourth-order administrative division"", ""adminName1"": ""Central Region"", ""lat"": ""27.78696"", ""fcode"": ""ADM4H""}";Kumari;NPL;AS;27.78696;85.14128;[1282988, 7802141];2019-04-08T10:31:14;['h5n1', 'HPAI'];"{""bird-unknown"": [""subtype-unknown""]}";;;;;8;15;8.0;4;2019;spring
22;23;['171-7RZDPNOQ8S'];['https://news.cgtn.com/news/3d3d774d30596a4d32457a6333566d54/index.html'];['news.cgtn.com'];1814991;"{""address"": ""China"", ""class_description"": ""country, state, region,..."", ""code"": ""PCLI"", ""country"": ""China"", ""country_code"": ""CN"", ""description"": ""independent political entity"", ""feature_class"": ""A"", ""geonames_id"": 1814991, ""lat"": ""35"", ""lng"": ""105"", ""ok"": true, ""population"": 1392730000, ""raw"": {""adminCode1"": ""00"", ""lng"": ""105"", ""geonameId"": 1814991, ""toponymName"": ""People\u2019s Republic of China"", ""countryId"": ""1814991"", ""fcl"": ""A"", ""population"": 1392730000, ""countryCode"": ""CN"", ""name"": ""China"", ""fclName"": ""country, state, region,..."", ""countryName"": ""China"", ""fcodeName"": ""independent political entity"", ""adminName1"": """", ""lat"": ""35"", ""fcode"": ""PCLI""}, ""state_code"": ""00"", ""status"": ""OK""}";China;CHN;AS;35.0;105.0;[1814991];2019-01-25T09:18:04;['', 'AI-unknown'];"{""bird-unknown"": [""subtype-unknown""]}";;;;;25;4;2.0;1;2019;winter
23;24;['175-8DV7R683XB'];['https://kathmandupost.ekantipur.com/news/2019-05-10/bird-flu-detected-in-nawalparasi-east.html'];['kathmandupost.ekantipur.com'];12095496;"{""adminCode1"": ""4"", ""lng"": ""84.03213"", ""geonameId"": 12095496, ""toponymName"": ""Nawalparasi"", ""countryId"": ""1282988"", ""fcl"": ""A"", ""population"": 0, ""countryCode"": ""NP"", ""name"": ""Nawalparasi"", ""fclName"": ""country, state, region,..."", ""adminCodes1"": {""ISO3166_2"": ""P4""}, ""countryName"": ""Nepal"", ""fcodeName"": ""second-order administrative division"", ""adminName1"": ""Gandaki Pradesh"", ""lat"": ""27.65399"", ""fcode"": ""ADM2""}";Nawalparasi;NPL;AS;27.65399;84.03213;[1282988, 12095450, 12095496];2019-05-10T00:58:35;['h5n1', 'HPAI'];"{""domestic bird"": [""chicken""]}";;;;;10;19;10.0;5;2019;spring
24;25;['176-8DV7R683XB'];['https://kathmandupost.ekantipur.com/news/2019-05-10/bird-flu-detected-in-nawalparasi-east.html'];['kathmandupost.ekantipur.com'];12095461;"{""adminCode1"": ""3"", ""lng"": ""84.45318"", ""geonameId"": 12095461, ""toponymName"": ""Chitwan"", ""countryId"": ""1282988"", ""fcl"": ""A"", ""population"": 0, ""countryCode"": ""NP"", ""name"": ""Chitwan"", ""fclName"": ""country, state, region,..."", ""adminCodes1"": {""ISO3166_2"": ""P3""}, ""countryName"": ""Nepal"", ""fcodeName"": ""second-order administrative division"", ""adminName1"": ""Bagmati Province"", ""lat"": ""27.61796"", ""fcode"": ""ADM2""}";Chitwan;NPL;AS;27.61796;84.45318;[1282988, 12095449, 12095461];2019-05-10T00:58:35;['', 'AI-unknown'];"{""domestic bird"": [""fowl"", ""chicken""]}";;;;;10;19;10.0;5;2019;spring
25;26;['177-8DV7R683XB'];['https://kathmandupost.ekantipur.com/news/2019-05-10/bird-flu-detected-in-nawalparasi-east.html'];['kathmandupost.ekantipur.com'];12095559;"{""adminCode1"": ""4"", ""lng"": ""84.69696"", ""geonameId"": 12095559, ""toponymName"": ""Gandaki"", ""countryId"": ""1282988"", ""fcl"": ""A"", ""population"": 0, ""countryCode"": ""NP"", ""name"": ""Gandaki"", ""fclName"": ""country, state, region,..."", ""adminCodes1"": {""ISO3166_2"": ""P4""}, ""countryName"": ""Nepal"", ""fcodeName"": ""third-order administrative division"", ""adminName1"": ""Gandaki Pradesh"", ""lat"": ""27.86202"", ""fcode"": ""ADM3""}";Gandaki;NPL;AS;27.86202;84.69696;[1282988, 12095450, 12095472, 12095559];2019-05-10T00:58:35;['', 'AI-unknown'];"{""domestic bird"": [""chicken""]}";;;;;10;19;10.0;5;2019;spring
26;27;['178-8IBHOVI5T4'];['http://www.newspatrolling.com/hindol-senguptas-the-man-who-saved-india-to-be-adapted-into-a-film/'];['newspatrolling.com'];1260086;"{""adminCode1"": ""34"", ""lng"": ""85.13563"", ""geonameId"": 1260086, ""toponymName"": ""Patna"", ""countryId"": ""1269750"", ""fcl"": ""P"", ""population"": 1599920, ""countryCode"": ""IN"", ""name"": ""Patna"", ""fclName"": ""city, village,..."", ""adminCodes1"": {""ISO3166_2"": ""BR""}, ""countryName"": ""India"", ""fcodeName"": ""seat of a first-order administrative division"", ""adminName1"": ""Bihar"", ""lat"": ""25.59408"", ""fcode"": ""PPLA""}";Patna;IND;AS;25.59408;85.13563;[1269750, 1275715, 1260091, 1260086];2019-03-11T06:19:31;['', 'AI-unknown'];"{""bird-unknown"": [""subtype-unknown""]}";;;;;11;11;6.0;3;2019;winter
27;28;['189-8XEK29V33Z'];['https://www.indiablooms.com/health-details/H/4542/cambodia-reports-1st-outbreak-of-h5n6-bird-flu.html'];['indiablooms.com'];1821306;"{""adminCode1"": ""22"", ""lng"": ""104.91601"", ""geonameId"": 1821306, ""toponymName"": ""Phnom Penh"", ""countryId"": ""1831722"", ""fcl"": ""P"", ""population"": 1573544, ""countryCode"": ""KH"", ""name"": ""Phnom Penh"", ""fclName"": ""city, village,..."", ""adminCodes1"": {""ISO3166_2"": ""12""}, ""countryName"": ""Cambodia"", ""fcodeName"": ""capital of a political entity"", ""adminName1"": ""Phnom Penh"", ""lat"": ""11.56245"", ""fcode"": ""PPLC""}";Phnom Penh;KHM;AS;11.56245;104.91601;[1831722, 1830103, 1821306];2019-04-19T10:19:47;['h5n6', 'HPAI'];"{""bird-unknown"": [""subtype-unknown""]}";;;;;19;16;8.0;4;2019;spring
28;29;['197-ACD5M5SYDH'];['https://seenews.com/news/bulgaria-reports-second-bird-flu-outbreak-in-2019-649263'];['seenews.com'];729559;"{""adminCode1"": ""46"", ""lng"": ""24.71667"", ""geonameId"": 729559, ""toponymName"": ""Lovech"", ""countryId"": ""732800"", ""fcl"": ""P"", ""population"": 29659, ""countryCode"": ""BG"", ""name"": ""Lovech"", ""fclName"": ""city, village,..."", ""adminCodes1"": {""ISO3166_2"": ""11""}, ""countryName"": ""Bulgaria"", ""fcodeName"": ""seat of a first-order administrative division"", ""adminName1"": ""Lovech"", ""lat"": ""43.13333"", ""fcode"": ""PPLA""}";Lovech;BGR;EU;43.13333;24.71667;[732800, 729560, 729558, 729559];2019-04-03T12:54:00;['', 'AI-unknown'];"{""bird-unknown"": [""subtype-unknown""]}";;;;;3;14;7.0;4;2019;spring
29;30;['209-AH4OCX35TK', '465-SXG58PD1VZ', '484-U4YF1FDZTE', '223-BOWGJA1DHD'];['https://timesofindia.indiatimes.com/city/patna/no-humans-infected-with-bird-flu-in-bihar-so-far/articleshow/67531100.cms', 'https://www.hindustantimes.com/patna/patna-zoo-is-safe-now-set-to-reopen-next-week-bird-flu-ruled-out/story-bCgNyn5MwXzx8z6bKfxc1N.html', 'https://timesofindia.indiatimes.com/city/jamshedpur/bird-flu-alert-in-e-singhbhum-dist/articleshow/67493584.cms', 'https://www.downtoearth.org.in/news/health/fear-of-bird-flu-outbreak-grips-bihar-62774'];['indiatimes.com', 'hindustantimes.com', 'indiatimes.com', 'downtoearth.org.in'];1260086;"{""adminCode1"": ""34"", ""lng"": ""85.13563"", ""geonameId"": 1260086, ""toponymName"": ""Patna"", ""countryId"": ""1269750"", ""fcl"": ""P"", ""population"": 1599920, ""countryCode"": ""IN"", ""name"": ""Patna"", ""fclName"": ""city, village,..."", ""adminCodes1"": {""ISO3166_2"": ""BR""}, ""countryName"": ""India"", ""fcodeName"": ""seat of a first-order administrative division"", ""adminName1"": ""Bihar"", ""lat"": ""25.59408"", ""fcode"": ""PPLA""}";Patna;IND;AS;25.59408;85.13563;[1269750, 1275715, 1260091, 1260086];2019-01-10T07:00:00;['', 'AI-unknown'];"{""bird-unknown"": [""subtype-unknown""]}";;;;;10;2;1.0;1;2019;winter
30;31;['227-BOWGJA1DHD', '484-U4YF1FDZTE'];['https://www.downtoearth.org.in/news/health/fear-of-bird-flu-outbreak-grips-bihar-62774', 'https://timesofindia.indiatimes.com/city/jamshedpur/bird-flu-alert-in-e-singhbhum-dist/articleshow/67493584.cms'];['downtoearth.org.in', 'indiatimes.com'];1262330;"{""adminCode1"": ""34"", ""lng"": ""85.39055"", ""geonameId"": 1262330, ""toponymName"": ""Muzaffarpur"", ""countryId"": ""1269750"", ""fcl"": ""P"", ""population"": 333200, ""countryCode"": ""IN"", ""name"": ""Muzaffarpur"", ""fclName"": ""city, village,..."", ""adminCodes1"": {""ISO3166_2"": ""BR""}, ""countryName"": ""India"", ""fcodeName"": ""populated place"", ""adminName1"": ""Bihar"", ""lat"": ""26.12259"", ""fcode"": ""PPL""}";Muzaffarpur;IND;AS;26.12259;85.39055;[1269750, 1275715, 1262331, 1262330];2019-01-10T07:00:00;['', 'AI-unknown'];"{""bird-unknown"": [""subtype-unknown""]}";;;;;10;2;1.0;1;2019;winter
31;32;['229-BOWGJA1DHD', '484-U4YF1FDZTE'];['https://www.downtoearth.org.in/news/health/fear-of-bird-flu-outbreak-grips-bihar-62774', 'https://timesofindia.indiatimes.com/city/jamshedpur/bird-flu-alert-in-e-singhbhum-dist/articleshow/67493584.cms'];['downtoearth.org.in', 'indiatimes.com'];1271440;"{""adminCode1"": ""34"", ""lng"": ""85"", ""geonameId"": 1271440, ""toponymName"": ""Gay\u0101"", ""countryId"": ""1269750"", ""fcl"": ""A"", ""population"": 4391418, ""countryCode"": ""IN"", ""name"": ""Gaya"", ""fclName"": ""country, state, region,..."", ""adminCodes1"": {""ISO3166_2"": ""BR""}, ""countryName"": ""India"", ""fcodeName"": ""second-order administrative division"", ""adminName1"": ""Bihar"", ""lat"": ""24.75"", ""fcode"": ""ADM2""}";Gayā;IND;AS;24.75;85.0;[1269750, 1275715, 1271440];2019-01-10T07:00:00;['', 'AI-unknown'];"{""bird-unknown"": [""subtype-unknown""]}";;;;;10;2;1.0;1;2019;winter
32;33;['231-BOWGJA1DHD', '484-U4YF1FDZTE'];['https://www.downtoearth.org.in/news/health/fear-of-bird-flu-outbreak-grips-bihar-62774', 'https://timesofindia.indiatimes.com/city/jamshedpur/bird-flu-alert-in-e-singhbhum-dist/articleshow/67493584.cms'];['downtoearth.org.in', 'indiatimes.com'];1261632;"{""adminCode1"": ""34"", ""lng"": ""85.5"", ""geonameId"": 1261632, ""toponymName"": ""Naw\u0101da"", ""countryId"": ""1269750"", ""fcl"": ""A"", ""population"": 2219146, ""countryCode"": ""IN"", ""name"": ""Nawada"", ""fclName"": ""country, state, region,..."", ""adminCodes1"": {""ISO3166_2"": ""BR""}, ""countryName"": ""India"", ""fcodeName"": ""second-order administrative division"", ""adminName1"": ""Bihar"", ""lat"": ""24.75"", ""fcode"": ""ADM2""}";Nawāda;IND;AS;24.75;85.5;[1269750, 1275715, 1261632];2019-01-10T07:00:00;['', 'AI-unknown'];"{""bird-unknown"": [""subtype-unknown""]}";;;;;10;2;1.0;1;2019;winter
33;34;['233-BOWGJA1DHD', '484-U4YF1FDZTE'];['https://www.downtoearth.org.in/news/health/fear-of-bird-flu-outbreak-grips-bihar-62774', 'https://timesofindia.indiatimes.com/city/jamshedpur/bird-flu-alert-in-e-singhbhum-dist/articleshow/67493584.cms'];['downtoearth.org.in', 'indiatimes.com'];1257804;"{""adminCode1"": ""34"", ""lng"": ""86.59611"", ""geonameId"": 1257804, ""toponymName"": ""Saharsa"", ""countryId"": ""1269750"", ""fcl"": ""P"", ""population"": 145764, ""countryCode"": ""IN"", ""name"": ""Saharsa"", ""fclName"": ""city, village,..."", ""adminCodes1"": {""ISO3166_2"": ""BR""}, ""countryName"": ""India"", ""fcodeName"": ""populated place"", ""adminName1"": ""Bihar"", ""lat"": ""25.87498"", ""fcode"": ""PPL""}";Saharsa;IND;AS;25.87498;86.59611;[1269750, 1275715, 1257805, 1257804];2019-01-10T07:00:00;['', 'AI-unknown'];"{""bird-unknown"": [""subtype-unknown""]}";;;;;10;2;1.0;1;2019;winter
34;35;['235-BOWGJA1DHD', '484-U4YF1FDZTE'];['https://www.downtoearth.org.in/news/health/fear-of-bird-flu-outbreak-grips-bihar-62774', 'https://timesofindia.indiatimes.com/city/jamshedpur/bird-flu-alert-in-e-singhbhum-dist/articleshow/67493584.cms'];['downtoearth.org.in', 'indiatimes.com'];1276301;"{""adminCode1"": ""34"", ""lng"": ""87.06665"", ""geonameId"": 1276301, ""toponymName"": ""Bh\u0101galpur"", ""countryId"": ""1269750"", ""fcl"": ""A"", ""population"": 3037766, ""countryCode"": ""IN"", ""name"": ""Bhagalpur"", ""fclName"": ""country, state, region,..."", ""adminCodes1"": {""ISO3166_2"": ""BR""}, ""countryName"": ""India"", ""fcodeName"": ""second-order administrative division"", ""adminName1"": ""Bihar"", ""lat"": ""25.29023"", ""fcode"": ""ADM2""}";Bhāgalpur;IND;AS;25.29023;87.06665;[1269750, 1275715, 1276301];2019-01-10T07:00:00;['', 'AI-unknown'];"{""bird-unknown"": [""subtype-unknown""]}";;;;;10;2;1.0;1;2019;winter
35;36;['240-BQ4Y2W81I6'];['https://thehimalayantimes.com/nepal/first-bird-flu-death-reported-in-nepal/'];['thehimalayantimes.com'];1861060;"{""address"": ""Japan"", ""class_description"": ""country, state, region,..."", ""code"": ""PCLI"", ""country"": ""Japan"", ""country_code"": ""JP"", ""description"": ""independent political entity"", ""feature_class"": ""A"", ""geonames_id"": 1861060, ""lat"": ""35.68536"", ""lng"": ""139.75309"", ""ok"": true, ""population"": 126529100, ""raw"": {""adminCode1"": ""00"", ""lng"": ""139.75309"", ""geonameId"": 1861060, ""toponymName"": ""Japan"", ""countryId"": ""1861060"", ""fcl"": ""A"", ""population"": 126529100, ""countryCode"": ""JP"", ""name"": ""Japan"", ""fclName"": ""country, state, region,..."", ""countryName"": ""Japan"", ""fcodeName"": ""independent political entity"", ""adminName1"": """", ""lat"": ""35.68536"", ""fcode"": ""PCLI""}, ""state_code"": ""00"", ""status"": ""OK""}";Japan;JPN;AS;35.68536;139.75309;[1861060];2019-05-03T00:02:06;['', 'AI-unknown'];"{""bird-unknown"": [""subtype-unknown""]}";;;;;3;18;9.0;5;2019;spring
36;37;['246-BV5E8Y8BM7'];['https://gulfnews.com/uae/health/uae-ban-lifted-safe-to-eat-chicken-from-kuwait-after-bird-flu-scare-1.1557657921930'];['gulfnews.com'];292223;"{""adminCode1"": ""03"", ""lng"": ""55.30927"", ""geonameId"": 292223, ""toponymName"": ""Dubai"", ""countryId"": ""290557"", ""fcl"": ""P"", ""population"": 3478300, ""countryCode"": ""AE"", ""name"": ""Dubai"", ""fclName"": ""city, village,..."", ""adminCodes1"": {""ISO3166_2"": ""DU""}, ""countryName"": ""United Arab Emirates"", ""fcodeName"": ""seat of a first-order administrative division"", ""adminName1"": ""Dubai"", ""lat"": ""25.07725"", ""fcode"": ""PPLA""}";Dubai;ARE;AS;25.07725;55.30927;[290557, 292224, 292223];2019-05-12T08:41:45;['', 'AI-unknown'];"{""domestic bird"": [""chicken""]}";;;;;12;19;10.0;5;2019;spring
37;38;['262-DF25DK9STV'];['https://www.financialexpress.com/india-news/bird-flu-confirmed-in-jehanabad-says-official/1484689/'];['financialexpress.com'];8858072;"{""adminCode1"": ""34"", ""lng"": ""86.98425"", ""geonameId"": 8858072, ""toponymName"": ""Banka"", ""countryId"": ""1269750"", ""fcl"": ""A"", ""population"": 2034763, ""countryCode"": ""IN"", ""name"": ""Banka"", ""fclName"": ""country, state, region,..."", ""adminCodes1"": {""ISO3166_2"": ""BR""}, ""countryName"": ""India"", ""fcodeName"": ""second-order administrative division"", ""adminName1"": ""Bihar"", ""lat"": ""24.89214"", ""fcode"": ""ADM2""}";Banka;IND;AS;24.89214;86.98425;[1269750, 1275715, 8858072];2019-02-12T07:00:00;['h5n1', 'HPAI'];"{""wild bird"": [""crow""]}";;;;;12;7;4.0;2;2019;winter
38;39;['269-DWYXNSF9J0'];['https://timesofindia.indiatimes.com/city/patna/more-crows-found-dead-in-patna-siwan-and-muzaffarpur/articleshow/67426141.cms'];['indiatimes.com'];1275004;"{""adminCode1"": ""28"", ""lng"": ""88.36304"", ""geonameId"": 1275004, ""toponymName"": ""Kolkata"", ""countryId"": ""1269750"", ""fcl"": ""P"", ""population"": 4631392, ""countryCode"": ""IN"", ""name"": ""Kolkata"", ""fclName"": ""city, village,..."", ""adminCodes1"": {""ISO3166_2"": ""WB""}, ""countryName"": ""India"", ""fcodeName"": ""seat of a first-order administrative division"", ""adminName1"": ""West Bengal"", ""lat"": ""22.56263"", ""fcode"": ""PPLA""}";Kolkata;IND;AS;22.56263;88.36304;[1269750, 1252881, 1275005, 1275004];2019-01-07T19:30:00;['h5n1', 'HPAI'];"{""wild bird"": [""crow""]}";;;;;7;2;1.0;1;2019;winter
39;40;['271-DYNLZXG47A'];['https://www.reuters.com/article/health-birdflu-china/china-reports-h5n1-bird-flu-outbreak-in-liaoning-province-idUSB9N20U024'];['reuters.com'];2036115;"{""adminCode1"": ""19"", ""lng"": ""122.66667"", ""geonameId"": 2036115, ""toponymName"": ""Liaoning Sheng"", ""countryId"": ""1814991"", ""fcl"": ""A"", ""population"": 43150000, ""countryCode"": ""CN"", ""name"": ""Liaoning"", ""fclName"": ""country, state, region,..."", ""adminCodes1"": {""ISO3166_2"": ""LN""}, ""countryName"": ""China"", ""fcodeName"": ""first-order administrative division"", ""adminName1"": ""Liaoning"", ""lat"": ""41.25"", ""fcode"": ""ADM1""}";Liaoning Sheng;CHN;AS;41.25;122.66667;[1814991, 2036115];2019-04-02T08:10:00;['h5n1', 'HPAI'];"{""bird-unknown"": [""subtype-unknown""]}";;;;;2;14;7.0;4;2019;spring
40;41;['275-E7ELFFMNQL'];['http://www.taipeitimes.com/News/taiwan/archives/2019/04/10/2003713128'];['taipeitimes.com'];1279945;"{""adminCode1"": ""15"", ""lng"": ""98.51736"", ""geonameId"": 1279945, ""toponymName"": ""Jiuquan"", ""countryId"": ""1814991"", ""fcl"": ""P"", ""population"": 428346, ""countryCode"": ""CN"", ""name"": ""Jiuquan"", ""fclName"": ""city, village,..."", ""adminCodes1"": {""ISO3166_2"": ""GS""}, ""countryName"": ""China"", ""fcodeName"": ""seat of a second-order administrative division"", ""adminName1"": ""Gansu"", ""lat"": ""39.74318"", ""fcode"": ""PPLA2""}";Jiuquan;CHN;AS;39.74318;98.51736;[1814991, 1810676, 1280931, 1279945];2019-04-09T14:00:45;['h7n9', 'HPAI'];"{""human"": [""gender-unknown""]}";;;;;9;15;8.0;4;2019;spring
41;42;['276-E7ELFFMNQL'];['http://www.taipeitimes.com/News/taiwan/archives/2019/04/10/2003713128'];['taipeitimes.com'];1818128;"{""adminCode1"": ""20"", ""lng"": ""102.84579"", ""geonameId"": 1818128, ""toponymName"": ""Alxa Meng"", ""countryId"": ""1814991"", ""fcl"": ""A"", ""population"": 0, ""countryCode"": ""CN"", ""name"": ""Alxa Meng"", ""fclName"": ""country, state, region,..."", ""adminCodes1"": {""ISO3166_2"": ""NM""}, ""countryName"": ""China"", ""fcodeName"": ""second-order administrative division"", ""adminName1"": ""Inner Mongolia"", ""lat"": ""40.48087"", ""fcode"": ""ADM2""}";Alxa Meng;CHN;AS;40.48087;102.84579;[1814991, 2035607, 1818128];2019-04-09T14:00:45;['h7n9', 'HPAI'];"{""human"": [""gender-unknown""]}";;;;;9;15;8.0;4;2019;spring
42;43;['282-E9M3MSMPVZ'];['https://www.khaleejtimes.com/news/uae-health/uae-bans-live-birds-from-kuwait--'];['khaleejtimes.com'];285570;"{""address"": ""Kuwait"", ""class_description"": ""country, state, region,..."", ""code"": ""PCLI"", ""country"": ""Kuwait"", ""country_code"": ""KW"", ""description"": ""independent political entity"", ""feature_class"": ""A"", ""geonames_id"": 285570, ""lat"": ""29.5"", ""lng"": ""47.75"", ""ok"": true, ""population"": 4137309, ""raw"": {""adminCode1"": ""00"", ""lng"": ""47.75"", ""geonameId"": 285570, ""toponymName"": ""State of Kuwait"", ""countryId"": ""285570"", ""fcl"": ""A"", ""population"": 4137309, ""countryCode"": ""KW"", ""name"": ""Kuwait"", ""fclName"": ""country, state, region,..."", ""countryName"": ""Kuwait"", ""fcodeName"": ""independent political entity"", ""adminName1"": """", ""lat"": ""29.5"", ""fcode"": ""PCLI""}, ""state_code"": ""00"", ""status"": ""OK""}";Kuwait;KWT;AS;29.5;47.75;[285570];2019-02-08T07:00:00;['', 'AI-unknown'];"{""bird-unknown"": [""subtype-unknown""]}";;;;;8;6;3.0;2;2019;winter
43;44;['292-EJCBXCQCPW'];['https://www.taiwannews.com.tw/en/news/3641183'];['taiwannews.com.tw'];1679134;"{""adminCode1"": ""04"", ""lng"": ""120.49083"", ""geonameId"": 1679134, ""toponymName"": ""Changhua"", ""countryId"": ""1668284"", ""fcl"": ""A"", ""population"": 1288923, ""countryCode"": ""TW"", ""name"": ""Changhua"", ""fclName"": ""country, state, region,..."", ""countryName"": ""Taiwan"", ""fcodeName"": ""second-order administrative division"", ""adminName1"": ""Taiwan"", ""lat"": ""23.95361"", ""fcode"": ""ADM2""}";Changhua;TWN;AS;23.95361;120.49083;[1668284, 7280291, 1679134];2019-02-19T02:58:00;['', 'AI-unknown'];"{""domestic bird"": [""chicken""]}";;;;;19;8;4.0;2;2019;winter
44;45;['296-EPQVRYQ8HF'];['https://www.telegraphindia.com/states/jharkhand/jharkhand-poultry-units-told-not-to-accept-unsold-stocks-after-bird-flu-scare/cid/1685354'];['telegraphindia.com'];1275841;"{""adminCode1"": ""35"", ""lng"": ""77.40289"", ""geonameId"": 1275841, ""toponymName"": ""Bhop\u0101l"", ""countryId"": ""1269750"", ""fcl"": ""P"", ""population"": 1599914, ""countryCode"": ""IN"", ""name"": ""Bhopal"", ""fclName"": ""city, village,..."", ""adminCodes1"": {""ISO3166_2"": ""MP""}, ""countryName"": ""India"", ""fcodeName"": ""seat of a first-order administrative division"", ""adminName1"": ""Madhya Pradesh"", ""lat"": ""23.25469"", ""fcode"": ""PPLA""}";Bhopāl;IND;AS;23.25469;77.40289;[1269750, 1264542, 1275842, 1275841];2019-02-23T07:00:00;['', 'AI-unknown'];"{""wild bird"": [""crow""]}";;;;;23;8;4.0;2;2019;winter
45;46;['298-EPQVRYQ8HF'];['https://www.telegraphindia.com/states/jharkhand/jharkhand-poultry-units-told-not-to-accept-unsold-stocks-after-bird-flu-scare/cid/1685354'];['telegraphindia.com'];1258526;"{""adminCode1"": ""38"", ""lng"": ""85.3094"", ""geonameId"": 1258526, ""toponymName"": ""Ranchi"", ""countryId"": ""1269750"", ""fcl"": ""P"", ""population"": 1120374, ""countryCode"": ""IN"", ""name"": ""Ranchi"", ""fclName"": ""city, village,..."", ""adminCodes1"": {""ISO3166_2"": ""JH""}, ""countryName"": ""India"", ""fcodeName"": ""seat of a first-order administrative division"", ""adminName1"": ""Jharkhand"", ""lat"": ""23.34316"", ""fcode"": ""PPLA""}";Ranchi;IND;AS;23.34316;85.3094;[1269750, 1444365, 1258527, 1258526];2019-02-23T07:00:00;['', 'AI-unknown'];"{""domestic bird"": [""chicken""]}";;;;;23;8;4.0;2;2019;winter
46;47;['301-ET7TSMT2M8', '468-T5ZYEOYRRI'];['https://www.devdiscourse.com/article/international/500450-nepal-confirms-first-death-related-to-avian-flu', 'https://www.bignewsnetwork.com/news/260795652/nepal-records-first-death-from-bird-flu'];['devdiscourse.com', 'bignewsnetwork.com'];1283240;"{""adminCode1"": ""3"", ""lng"": ""85.3206"", ""geonameId"": 1283240, ""toponymName"": ""Kathmandu"", ""countryId"": ""1282988"", ""fcl"": ""P"", ""population"": 1442271, ""countryCode"": ""NP"", ""name"": ""Kathmandu"", ""fclName"": ""city, village,..."", ""adminCodes1"": {""ISO3166_2"": ""P3""}, ""countryName"": ""Nepal"", ""fcodeName"": ""capital of a political entity"", ""adminName1"": ""Bagmati Province"", ""lat"": ""27.70169"", ""fcode"": ""PPLC""}";Kathmandu;NPL;AS;27.70169;85.3206;[1282988, 12095449, 12095484, 1283240];2019-05-02T16:11:00;['', 'AI-unknown'];"{""bird-unknown"": [""subtype-unknown""]}";;;;;2;18;9.0;5;2019;spring
47;48;['304-F3REMTVJOJ'];['https://setopati.net/social/142486'];['setopati.net'];12095461;"{""adminCode1"": ""3"", ""lng"": ""84.45318"", ""geonameId"": 12095461, ""toponymName"": ""Chitwan"", ""countryId"": ""1282988"", ""fcl"": ""A"", ""population"": 0, ""countryCode"": ""NP"", ""name"": ""Chitwan"", ""fclName"": ""country, state, region,..."", ""adminCodes1"": {""ISO3166_2"": ""P3""}, ""countryName"": ""Nepal"", ""fcodeName"": ""second-order administrative division"", ""adminName1"": ""Bagmati Province"", ""lat"": ""27.61796"", ""fcode"": ""ADM2""}";Chitwan;NPL;AS;27.61796;84.45318;[1282988, 12095449, 12095461];2019-03-22T07:14:25;['', 'AI-unknown'];"{""domestic bird"": [""chicken""]}";;;;;22;12;6.0;3;2019;spring
48;49;['307-F3REMTVJOJ'];['https://setopati.net/social/142486'];['setopati.net'];12095495;"{""adminCode1"": ""4"", ""lng"": ""83.46336"", ""geonameId"": 12095495, ""toponymName"": ""Myagdi"", ""countryId"": ""1282988"", ""fcl"": ""A"", ""population"": 0, ""countryCode"": ""NP"", ""name"": ""Myagdi"", ""fclName"": ""country, state, region,..."", ""adminCodes1"": {""ISO3166_2"": ""P4""}, ""countryName"": ""Nepal"", ""fcodeName"": ""second-order administrative division"", ""adminName1"": ""Gandaki Pradesh"", ""lat"": ""28.54603"", ""fcode"": ""ADM2""}";Myagdi;NPL;AS;28.54603;83.46336;[1282988, 12095450, 12095495];2019-03-22T07:14:25;['', 'AI-unknown'];"{""domestic bird"": [""chicken""]}";;;;;22;12;6.0;3;2019;spring
49;50;['308-F3REMTVJOJ'];['https://setopati.net/social/142486'];['setopati.net'];12095501;"{""adminCode1"": ""4"", ""lng"": ""83.72861"", ""geonameId"": 12095501, ""toponymName"": ""Parbat"", ""countryId"": ""1282988"", ""fcl"": ""A"", ""population"": 0, ""countryCode"": ""NP"", ""name"": ""Parbat"", ""fclName"": ""country, state, region,..."", ""adminCodes1"": {""ISO3166_2"": ""P4""}, ""countryName"": ""Nepal"", ""fcodeName"": ""second-order administrative division"", ""adminName1"": ""Gandaki Pradesh"", ""lat"": ""28.20264"", ""fcode"": ""ADM2""}";Parbat;NPL;AS;28.20264;83.72861;[1282988, 12095450, 12095501];2019-03-22T07:14:25;['', 'AI-unknown'];"{""domestic bird"": [""chicken""]}";;;;;22;12;6.0;3;2019;spring
50;51;['309-F3REMTVJOJ'];['https://setopati.net/social/142486'];['setopati.net'];12095559;"{""adminCode1"": ""4"", ""lng"": ""84.69696"", ""geonameId"": 12095559, ""toponymName"": ""Gandaki"", ""countryId"": ""1282988"", ""fcl"": ""A"", ""population"": 0, ""countryCode"": ""NP"", ""name"": ""Gandaki"", ""fclName"": ""country, state, region,..."", ""adminCodes1"": {""ISO3166_2"": ""P4""}, ""countryName"": ""Nepal"", ""fcodeName"": ""third-order administrative division"", ""adminName1"": ""Gandaki Pradesh"", ""lat"": ""27.86202"", ""fcode"": ""ADM3""}";Gandaki;NPL;AS;27.86202;84.69696;[1282988, 12095450, 12095472, 12095559];2019-03-22T07:14:25;['', 'AI-unknown'];"{""domestic bird"": [""chicken""]}";;;;;22;12;6.0;3;2019;spring
51;52;['310-F3REMTVJOJ'];['https://setopati.net/social/142486'];['setopati.net'];1282898;"{""adminCode1"": ""4"", ""lng"": ""83.96851"", ""geonameId"": 1282898, ""toponymName"": ""Pokhara"", ""countryId"": ""1282988"", ""fcl"": ""P"", ""population"": 200000, ""countryCode"": ""NP"", ""name"": ""Pokhara"", ""fclName"": ""city, village,..."", ""adminCodes1"": {""ISO3166_2"": ""P4""}, ""countryName"": ""Nepal"", ""fcodeName"": ""seat of a first-order administrative division"", ""adminName1"": ""Gandaki Pradesh"", ""lat"": ""28.26689"", ""fcode"": ""PPLA""}";Pokhara;NPL;AS;28.26689;83.96851;[1282988, 12095450, 12095483, 12096181, 1282898];2019-03-22T07:14:25;['', 'AI-unknown'];"{""domestic bird"": [""chicken""]}";;;;;22;12;6.0;3;2019;spring
52;53;['311-F3REMTVJOJ'];['https://setopati.net/social/142486'];['setopati.net'];1283295;"{""adminCode1"": ""4"", ""lng"": ""83.72899"", ""geonameId"": 1283295, ""toponymName"": ""Jomsom"", ""countryId"": ""1282988"", ""fcl"": ""P"", ""population"": 0, ""countryCode"": ""NP"", ""name"": ""Jomsom"", ""fclName"": ""city, village,..."", ""adminCodes1"": {""ISO3166_2"": ""P4""}, ""countryName"": ""Nepal"", ""fcodeName"": ""populated place"", ""adminName1"": ""Gandaki Pradesh"", ""lat"": ""28.78442"", ""fcode"": ""PPL""}";Jomsom;NPL;AS;28.78442;83.72899;[1282988, 12095450, 12095494, 12095681, 1283295];2019-03-22T07:14:25;['', 'AI-unknown'];"{""domestic bird"": [""chicken""]}";;;;;22;12;6.0;3;2019;spring
53;54;['317-FSMTDGXJJX'];['https://timesofindia.indiatimes.com/city/patna/bird-flu-scare-central-team-del-doc-visit-zoo/articleshow/67340936.cms'];['indiatimes.com'];1275841;"{""adminCode1"": ""35"", ""lng"": ""77.40289"", ""geonameId"": 1275841, ""toponymName"": ""Bhop\u0101l"", ""countryId"": ""1269750"", ""fcl"": ""P"", ""population"": 1599914, ""countryCode"": ""IN"", ""name"": ""Bhopal"", ""fclName"": ""city, village,..."", ""adminCodes1"": {""ISO3166_2"": ""MP""}, ""countryName"": ""India"", ""fcodeName"": ""seat of a first-order administrative division"", ""adminName1"": ""Madhya Pradesh"", ""lat"": ""23.25469"", ""fcode"": ""PPLA""}";Bhopāl;IND;AS;23.25469;77.40289;[1269750, 1264542, 1275842, 1275841];2019-01-02T16:57:00;['h5n1', 'HPAI'];"{""domestic bird"": [""peafowl""]}";;;;;2;1;1.0;1;2019;winter
54;55;['320-FSMTDGXJJX', '343-H6ORZ7S6XV'];['https://timesofindia.indiatimes.com/city/patna/bird-flu-scare-central-team-del-doc-visit-zoo/articleshow/67340936.cms', 'https://timesofindia.indiatimes.com/city/patna/more-crows-die-in-patna-nawada/articleshow/67371432.cms'];['indiatimes.com', 'indiatimes.com'];1275004;"{""adminCode1"": ""28"", ""lng"": ""88.36304"", ""geonameId"": 1275004, ""toponymName"": ""Kolkata"", ""countryId"": ""1269750"", ""fcl"": ""P"", ""population"": 4631392, ""countryCode"": ""IN"", ""name"": ""Kolkata"", ""fclName"": ""city, village,..."", ""adminCodes1"": {""ISO3166_2"": ""WB""}, ""countryName"": ""India"", ""fcodeName"": ""seat of a first-order administrative division"", ""adminName1"": ""West Bengal"", ""lat"": ""22.56263"", ""fcode"": ""PPLA""}";Kolkata;IND;AS;22.56263;88.36304;[1269750, 1252881, 1275005, 1275004];2019-01-02T16:57:00;['h5n1', 'HPAI'];"{""bird-unknown"": [""subtype-unknown""]}";;;;;2;1;1.0;1;2019;winter
55;56;['322-FSMTDGXJJX'];['https://timesofindia.indiatimes.com/city/patna/bird-flu-scare-central-team-del-doc-visit-zoo/articleshow/67340936.cms'];['indiatimes.com'];1277013;"{""adminCode1"": ""36"", ""lng"": ""79.43167"", ""geonameId"": 1277013, ""toponymName"": ""Bareilly"", ""countryId"": ""1269750"", ""fcl"": ""P"", ""population"": 745435, ""countryCode"": ""IN"", ""name"": ""Bareilly"", ""fclName"": ""city, village,..."", ""adminCodes1"": {""ISO3166_2"": ""UP""}, ""countryName"": ""India"", ""fcodeName"": ""populated place"", ""adminName1"": ""Uttar Pradesh"", ""lat"": ""28.36678"", ""fcode"": ""PPL""}";Bareilly;IND;AS;28.36678;79.43167;[1269750, 1253626, 1277014, 1277013];2019-01-02T16:57:00;['', 'AI-unknown'];"{""bird-unknown"": [""subtype-unknown""]}";;;;;2;1;1.0;1;2019;winter
56;57;['328-GBHX5OG2A3'];['https://kfgo.com/news/articles/2019/jun/03/china-reports-h5n6-bird-flu-outbreak-in-xinjiang/'];['kfgo.com'];1529047;"{""adminCode1"": ""13"", ""lng"": ""85.5"", ""geonameId"": 1529047, ""toponymName"": ""Xinjiang Uyghur Autonomous Region"", ""countryId"": ""1814991"", ""fcl"": ""A"", ""population"": 21310000, ""countryCode"": ""CN"", ""name"": ""Xinjiang"", ""fclName"": ""country, state, region,..."", ""adminCodes1"": {""ISO3166_2"": ""XJ""}, ""countryName"": ""China"", ""fcodeName"": ""first-order administrative division"", ""adminName1"": ""Xinjiang"", ""lat"": ""41.5"", ""fcode"": ""ADM1""}";Xinjiang Uyghur Autonomous Region;CHN;AS;41.5;85.5;[1814991, 1529047];2019-06-03T01:24:55;['h5n6', 'HPAI'];"{""bird-unknown"": [""subtype-unknown""]}";;;;;3;23;12.0;6;2019;spring
57;58;['334-GYSBDML0OU'];['https://www.hindustantimes.com/ranchi/dead-pigeons-scare-jharkhand-villages/story-ydLFVKltzqd0t0NIRCXE2M.html'];['hindustantimes.com'];1271113;"{""adminCode1"": ""38"", ""lng"": ""87.2125"", ""geonameId"": 1271113, ""toponymName"": ""Godda"", ""countryId"": ""1269750"", ""fcl"": ""P"", ""population"": 43658, ""countryCode"": ""IN"", ""name"": ""Godda"", ""fclName"": ""city, village,..."", ""adminCodes1"": {""ISO3166_2"": ""JH""}, ""countryName"": ""India"", ""fcodeName"": ""populated place"", ""adminName1"": ""Jharkhand"", ""lat"": ""24.827"", ""fcode"": ""PPL""}";Godda;IND;AS;24.827;87.2125;[1269750, 1444365, 7627174, 1271113];2019-03-18T20:32:00;['', 'AI-unknown'];"{""domestic bird"": [""chicken""]}";;;;;18;12;6.0;3;2019;winter
58;59;['335-GYSBDML0OU'];['https://www.hindustantimes.com/ranchi/dead-pigeons-scare-jharkhand-villages/story-ydLFVKltzqd0t0NIRCXE2M.html'];['hindustantimes.com'];1258526;"{""adminCode1"": ""38"", ""lng"": ""85.3094"", ""geonameId"": 1258526, ""toponymName"": ""Ranchi"", ""countryId"": ""1269750"", ""fcl"": ""P"", ""population"": 1120374, ""countryCode"": ""IN"", ""name"": ""Ranchi"", ""fclName"": ""city, village,..."", ""adminCodes1"": {""ISO3166_2"": ""JH""}, ""countryName"": ""India"", ""fcodeName"": ""seat of a first-order administrative division"", ""adminName1"": ""Jharkhand"", ""lat"": ""23.34316"", ""fcode"": ""PPLA""}";Ranchi;IND;AS;23.34316;85.3094;[1269750, 1444365, 1258527, 1258526];2019-03-18T20:32:00;['', 'AI-unknown'];"{""domestic bird"": [""chicken""]}";;;;;18;12;6.0;3;2019;winter
59;60;['336-GYSBDML0OU'];['https://www.hindustantimes.com/ranchi/dead-pigeons-scare-jharkhand-villages/story-ydLFVKltzqd0t0NIRCXE2M.html'];['hindustantimes.com'];1275841;"{""adminCode1"": ""35"", ""lng"": ""77.40289"", ""geonameId"": 1275841, ""toponymName"": ""Bhop\u0101l"", ""countryId"": ""1269750"", ""fcl"": ""P"", ""population"": 1599914, ""countryCode"": ""IN"", ""name"": ""Bhopal"", ""fclName"": ""city, village,..."", ""adminCodes1"": {""ISO3166_2"": ""MP""}, ""countryName"": ""India"", ""fcodeName"": ""seat of a first-order administrative division"", ""adminName1"": ""Madhya Pradesh"", ""lat"": ""23.25469"", ""fcode"": ""PPLA""}";Bhopāl;IND;AS;23.25469;77.40289;[1269750, 1264542, 1275842, 1275841];2019-03-18T20:32:00;['', 'AI-unknown'];"{""bird-unknown"": [""subtype-unknown""]}";;;;;18;12;6.0;3;2019;winter
60;61;['341-H6ORZ7S6XV'];['https://timesofindia.indiatimes.com/city/patna/more-crows-die-in-patna-nawada/articleshow/67371432.cms'];['indiatimes.com'];1261632;"{""adminCode1"": ""34"", ""lng"": ""85.5"", ""geonameId"": 1261632, ""toponymName"": ""Naw\u0101da"", ""countryId"": ""1269750"", ""fcl"": ""A"", ""population"": 2219146, ""countryCode"": ""IN"", ""name"": ""Nawada"", ""fclName"": ""country, state, region,..."", ""adminCodes1"": {""ISO3166_2"": ""BR""}, ""countryName"": ""India"", ""fcodeName"": ""second-order administrative division"", ""adminName1"": ""Bihar"", ""lat"": ""24.75"", ""fcode"": ""ADM2""}";Nawāda;IND;AS;24.75;85.5;[1269750, 1275715, 1261632];2019-01-04T00:58:00;['', 'AI-unknown'];"{""wild bird"": [""crow""]}";;;;;4;1;1.0;1;2019;winter
61;62;['342-H6ORZ7S6XV'];['https://timesofindia.indiatimes.com/city/patna/more-crows-die-in-patna-nawada/articleshow/67371432.cms'];['indiatimes.com'];1262482;"{""adminCode1"": ""34"", ""lng"": ""86.47455"", ""geonameId"": 1262482, ""toponymName"": ""Monghyr"", ""countryId"": ""1269750"", ""fcl"": ""P"", ""population"": 203163, ""countryCode"": ""IN"", ""name"": ""Munger"", ""fclName"": ""city, village,..."", ""adminCodes1"": {""ISO3166_2"": ""BR""}, ""countryName"": ""India"", ""fcodeName"": ""populated place"", ""adminName1"": ""Bihar"", ""lat"": ""25.37459"", ""fcode"": ""PPL""}";Monghyr;IND;AS;25.37459;86.47455;[1269750, 1275715, 1262483, 1262482];2019-01-04T00:58:00;['h5n1', 'HPAI'];"{""bird-unknown"": [""subtype-unknown""]}";;;;;4;1;1.0;1;2019;winter
62;63;['355-I7XZDXUNGA', '380-LLHGAQGQFV'];['https://www.reuters.com/article/us-health-birdflu-china/china-reports-h5n6-bird-flu-outbreak-in-xinjiang-idUSKCN1T40BF', 'https://www.physiciansweekly.com/china-reports-h5n6-bird-2/'];['reuters.com', 'physiciansweekly.com'];1529047;"{""adminCode1"": ""13"", ""lng"": ""85.5"", ""geonameId"": 1529047, ""toponymName"": ""Xinjiang Uyghur Autonomous Region"", ""countryId"": ""1814991"", ""fcl"": ""A"", ""population"": 21310000, ""countryCode"": ""CN"", ""name"": ""Xinjiang"", ""fclName"": ""country, state, region,..."", ""adminCodes1"": {""ISO3166_2"": ""XJ""}, ""countryName"": ""China"", ""fcodeName"": ""first-order administrative division"", ""adminName1"": ""Xinjiang"", ""lat"": ""41.5"", ""fcode"": ""ADM1""}";Xinjiang Uyghur Autonomous Region;CHN;AS;41.5;85.5;[1814991, 1529047];2019-06-02T05:00:00;['', 'AI-unknown'];"{""bird-unknown"": [""subtype-unknown""]}";;;;;2;22;11.0;6;2019;spring
63;64;['365-K9U4UPWZ4F'];['https://www.263chat.com/japan-fao-assist-small-scale-farmers-deal-with-bird-flu-and-fall-armyworm-threats/'];['263chat.com'];1861060;"{""address"": ""Japan"", ""class_description"": ""country, state, region,..."", ""code"": ""PCLI"", ""country"": ""Japan"", ""country_code"": ""JP"", ""description"": ""independent political entity"", ""feature_class"": ""A"", ""geonames_id"": 1861060, ""lat"": ""35.68536"", ""lng"": ""139.75309"", ""ok"": true, ""population"": 126529100, ""raw"": {""adminCode1"": ""00"", ""lng"": ""139.75309"", ""geonameId"": 1861060, ""toponymName"": ""Japan"", ""countryId"": ""1861060"", ""fcl"": ""A"", ""population"": 126529100, ""countryCode"": ""JP"", ""name"": ""Japan"", ""fclName"": ""country, state, region,..."", ""countryName"": ""Japan"", ""fcodeName"": ""independent political entity"", ""adminName1"": """", ""lat"": ""35.68536"", ""fcode"": ""PCLI""}, ""state_code"": ""00"", ""status"": ""OK""}";Japan;JPN;AS;35.68536;139.75309;[1861060];2019-03-07T13:13:13;['', 'AI-unknown'];"{""bird-unknown"": [""subtype-unknown""]}";;;;;7;10;5.0;3;2019;winter
64;65;['387-M9ZO4BFIKE'];['http://m.focustaiwan.tw/news/asoc/201906220013.aspx'];['focustaiwan.tw'];1679134;"{""adminCode1"": ""04"", ""lng"": ""120.49083"", ""geonameId"": 1679134, ""toponymName"": ""Changhua"", ""countryId"": ""1668284"", ""fcl"": ""A"", ""population"": 1288923, ""countryCode"": ""TW"", ""name"": ""Changhua"", ""fclName"": ""country, state, region,..."", ""countryName"": ""Taiwan"", ""fcodeName"": ""second-order administrative division"", ""adminName1"": ""Taiwan"", ""lat"": ""23.95361"", ""fcode"": ""ADM2""}";Changhua;TWN;AS;23.95361;120.49083;[1668284, 7280291, 1679134];2019-06-22T05:00:00;['h5n2', 'LPAI'];"{""domestic bird"": [""chicken""]}";;;;;22;25;13.0;6;2019;summer
65;66;['393-N8GE9J9IJC'];['https://www.arabianbusiness.com/politics-economics/411566-uae-bans-import-of-live-birds-from-russia-after-bird-flu-outbreak'];['arabianbusiness.com'];501165;"{""adminCode1"": ""61"", ""lng"": ""41.08083"", ""geonameId"": 501165, ""toponymName"": ""Rostov Oblast"", ""countryId"": ""2017370"", ""fcl"": ""A"", ""population"": 4220452, ""countryCode"": ""RU"", ""name"": ""Rostov"", ""fclName"": ""country, state, region,..."", ""adminCodes1"": {""ISO3166_2"": ""ROS""}, ""countryName"": ""Russia"", ""fcodeName"": ""first-order administrative division"", ""adminName1"": ""Rostov"", ""lat"": ""47.44032"", ""fcode"": ""ADM1""}";Rostov Oblast;RUS;EU;47.44032;41.08083;[2017370, 501165];2019-01-17T09:59:00;['h5n2', 'LPAI'];"{""bird-unknown"": [""subtype-unknown""]}";;;;;17;3;2.0;1;2019;winter
66;67;['397-NRTAH840DX'];['http://www.newindianexpress.com/states/odisha/2019/apr/01/bird-flu-strikes-cuttack-1958602.html'];['newindianexpress.com'];1261029;"{""adminCode1"": ""21"", ""lng"": ""84.41667"", ""geonameId"": 1261029, ""toponymName"": ""State of Odisha"", ""countryId"": ""1269750"", ""fcl"": ""A"", ""population"": 41974218, ""countryCode"": ""IN"", ""name"": ""Odisha"", ""fclName"": ""country, state, region,..."", ""adminCodes1"": {""ISO3166_2"": ""OR""}, ""countryName"": ""India"", ""fcodeName"": ""first-order administrative division"", ""adminName1"": ""Odisha"", ""lat"": ""20.5"", ""fcode"": ""ADM1""}";State of Odisha;IND;AS;20.5;84.41667;[1269750, 1261029];2019-04-01T05:00:00;['', 'AI-unknown'];"{""bird-unknown"": [""subtype-unknown""]}";;;;;1;14;7.0;4;2019;spring
67;68;['399-NS72FORJ1Q'];['https://www.feedstuffs.com/nutrition-health/california-duck-breeder-finds-low-pathogenic-avian-flu'];['feedstuffs.com'];11071615;"{""adminCode1"": ""CA"", ""lng"": ""-116.78467"", ""geonameId"": 11071615, ""toponymName"": ""Southern California"", ""countryId"": ""6252001"", ""fcl"": ""L"", ""population"": 22000000, ""countryCode"": ""US"", ""name"": ""Southern California"", ""fclName"": ""parks,area, ..."", ""adminCodes1"": {""ISO3166_2"": ""CA""}, ""countryName"": ""United States"", ""fcodeName"": ""region"", ""adminName1"": ""California"", ""lat"": ""34.68743"", ""fcode"": ""RGN""}";Southern California;USA;NA;34.68743;-116.78467;[6252001, 5332921, 11071615];2019-04-25T15:40:01;['', 'AI-unknown'];"{""wild bird"": [""duck""]}";;;;;25;17;9.0;4;2019;spring
68;69;['404-P507POEXPD', '459-SF8A41P3VJ', '148-5L0XE5CW6V'];['https://punchng.com/avian-influenza-kills-3900-birds-in-plateau/', 'https://punchng.com/bird-flu-hits-plateau-kills-3900-birds/', 'https://www.dailytrust.com.ng/step-up-bio-security-as-bird-flu-hits-bauchi-plateau.html'];['punchng.com', 'punchng.com', 'dailytrust.com.ng'];2335953;"{""adminCode1"": ""49"", ""lng"": ""8.89212"", ""geonameId"": 2335953, ""toponymName"": ""Jos"", ""countryId"": ""2328926"", ""fcl"": ""P"", ""population"": 816824, ""countryCode"": ""NG"", ""name"": ""Jos"", ""fclName"": ""city, village,..."", ""adminCodes1"": {""ISO3166_2"": ""PL""}, ""countryName"": ""Nigeria"", ""fcodeName"": ""seat of a first-order administrative division"", ""adminName1"": ""Plateau"", ""lat"": ""9.92849"", ""fcode"": ""PPLA""}";Jos;NGA;AF;9.92849;8.89212;[2328926, 2324828, 8634514, 2335953];2019-02-19T14:58:00;['', 'AI-unknown'];"{""bird-unknown"": [""subtype-unknown""]}";;;;;19;8;4.0;2;2019;winter
69;70;['408-P507POEXPD', '148-5L0XE5CW6V', '463-SF8A41P3VJ'];['https://punchng.com/avian-influenza-kills-3900-birds-in-plateau/', 'https://www.dailytrust.com.ng/step-up-bio-security-as-bird-flu-hits-bauchi-plateau.html', 'https://punchng.com/bird-flu-hits-plateau-kills-3900-birds/'];['punchng.com', 'dailytrust.com.ng', 'punchng.com'];8634513;"{""adminCode1"": ""49"", ""lng"": ""8.83524"", ""geonameId"": 8634513, ""toponymName"": ""Jos South"", ""countryId"": ""2328926"", ""fcl"": ""A"", ""population"": 0, ""countryCode"": ""NG"", ""name"": ""Jos South"", ""fclName"": ""country, state, region,..."", ""adminCodes1"": {""ISO3166_2"": ""PL""}, ""countryName"": ""Nigeria"", ""fcodeName"": ""second-order administrative division"", ""adminName1"": ""Plateau"", ""lat"": ""9.75497"", ""fcode"": ""ADM2""}";Jos South;NGA;AF;9.75497;8.83524;[2328926, 2324828, 8634513];2019-02-19T14:58:00;['', 'AI-unknown'];"{""bird-unknown"": [""subtype-unknown""]}";;;;;19;8;4.0;2;2019;winter
70;71;['416-PN9YSCIXIU'];['https://timesofindia.indiatimes.com/city/patna/zoo-may-reopen-for-visitors-in-few-days/articleshow/67645870.cms'];['indiatimes.com'];1275004;"{""adminCode1"": ""28"", ""lng"": ""88.36304"", ""geonameId"": 1275004, ""toponymName"": ""Kolkata"", ""countryId"": ""1269750"", ""fcl"": ""P"", ""population"": 4631392, ""countryCode"": ""IN"", ""name"": ""Kolkata"", ""fclName"": ""city, village,..."", ""adminCodes1"": {""ISO3166_2"": ""WB""}, ""countryName"": ""India"", ""fcodeName"": ""seat of a first-order administrative division"", ""adminName1"": ""West Bengal"", ""lat"": ""22.56263"", ""fcode"": ""PPLA""}";Kolkata;IND;AS;22.56263;88.36304;[1269750, 1252881, 1275005, 1275004];2019-01-23T00:55:00;['h5n1', 'HPAI'];"{""domestic bird"": [""peafowl""]}";;;;;23;4;2.0;1;2019;winter
71;72;['417-PN9YSCIXIU'];['https://timesofindia.indiatimes.com/city/patna/zoo-may-reopen-for-visitors-in-few-days/articleshow/67645870.cms'];['indiatimes.com'];1275841;"{""adminCode1"": ""35"", ""lng"": ""77.40289"", ""geonameId"": 1275841, ""toponymName"": ""Bhop\u0101l"", ""countryId"": ""1269750"", ""fcl"": ""P"", ""population"": 1599914, ""countryCode"": ""IN"", ""name"": ""Bhopal"", ""fclName"": ""city, village,..."", ""adminCodes1"": {""ISO3166_2"": ""MP""}, ""countryName"": ""India"", ""fcodeName"": ""seat of a first-order administrative division"", ""adminName1"": ""Madhya Pradesh"", ""lat"": ""23.25469"", ""fcode"": ""PPLA""}";Bhopāl;IND;AS;23.25469;77.40289;[1269750, 1264542, 1275842, 1275841];2019-01-23T00:55:00;['h5n1', 'HPAI'];"{""domestic bird"": [""peafowl""]}";;;;;23;4;2.0;1;2019;winter
72;73;['431-QUB31U55OQ'];['https://businessrecord.com/Content/Default/All-Latest-News/Article/Iowa-egg-farm-sues-over-damage-from-bird-flu-disinfection-after-2015-outbreak/-3/248/86592'];['businessrecord.com'];4862182;"{""adminCode1"": ""IA"", ""lng"": ""-93.50049"", ""geonameId"": 4862182, ""toponymName"": ""Iowa"", ""countryId"": ""6252001"", ""fcl"": ""A"", ""population"": 2955010, ""countryCode"": ""US"", ""name"": ""Iowa"", ""fclName"": ""country, state, region,..."", ""adminCodes1"": {""ISO3166_2"": ""IA""}, ""countryName"": ""United States"", ""fcodeName"": ""first-order administrative division"", ""adminName1"": ""Iowa"", ""lat"": ""42.00027"", ""fcode"": ""ADM1""}";Iowa;USA;NA;42.00027;-93.50049;[6252001, 4862182];2019-05-07T14:46:33;['', 'AI-unknown'];"{""bird-unknown"": [""subtype-unknown""]}";;;;;7;19;10.0;5;2019;spring
73;74;['440-RXR5GQFRIM'];['https://www.express.co.uk/life-style/health/1089826/bird-flu-symptoms-uk-outbreak-travel-signs-china'];['express.co.uk'];1819730;"{""adminCode1"": ""00"", ""lng"": ""114.16667"", ""geonameId"": 1819730, ""toponymName"": ""Hong Kong Special Administrative Region"", ""countryId"": ""1819730"", ""fcl"": ""A"", ""population"": 7451000, ""countryCode"": ""HK"", ""name"": ""Hong Kong"", ""fclName"": ""country, state, region,..."", ""countryName"": ""Hong Kong"", ""fcodeName"": ""semi-independent political entity"", ""adminName1"": """", ""lat"": ""22.25"", ""fcode"": ""PCLS""}";Hong Kong Special Administrative Region;HKG;AS;22.25;114.16667;[1819730];2019-02-20T10:23:00;['', 'AI-unknown'];"{""bird-unknown"": [""subtype-unknown""]}";;;;;20;8;4.0;2;2019;winter
74;75;['441-RXR5GQFRIM'];['https://www.express.co.uk/life-style/health/1089826/bird-flu-symptoms-uk-outbreak-travel-signs-china'];['express.co.uk'];1814991;"{""address"": ""China"", ""class_description"": ""country, state, region,..."", ""code"": ""PCLI"", ""country"": ""China"", ""country_code"": ""CN"", ""description"": ""independent political entity"", ""feature_class"": ""A"", ""geonames_id"": 1814991, ""lat"": ""35"", ""lng"": ""105"", ""ok"": true, ""population"": 1392730000, ""raw"": {""adminCode1"": ""00"", ""lng"": ""105"", ""geonameId"": 1814991, ""toponymName"": ""People\u2019s Republic of China"", ""countryId"": ""1814991"", ""fcl"": ""A"", ""population"": 1392730000, ""countryCode"": ""CN"", ""name"": ""China"", ""fclName"": ""country, state, region,..."", ""countryName"": ""China"", ""fcodeName"": ""independent political entity"", ""adminName1"": """", ""lat"": ""35"", ""fcode"": ""PCLI""}, ""state_code"": ""00"", ""status"": ""OK""}";China;CHN;AS;35.0;105.0;[1814991];2019-02-20T10:23:00;['', 'AI-unknown'];"{""bird-unknown"": [""subtype-unknown""]}";;;;;20;8;4.0;2;2019;winter
75;76;['452-SAZWV080O6'];['http://infosurhoy.com/cocoon/saii/xhtml/en_GB/top-stories/vietnam-rolls-out-plan-to-forestall-ontrol-chook-flu-for-2019-2025/'];['infosurhoy.com'];1575788;"{""adminCode1"": ""24"", ""lng"": ""106.16667"", ""geonameId"": 1575788, ""toponymName"": ""Long An"", ""countryId"": ""1562822"", ""fcl"": ""A"", ""population"": 1376602, ""countryCode"": ""VN"", ""name"": ""Long An"", ""fclName"": ""country, state, region,..."", ""adminCodes1"": {""ISO3166_2"": ""41""}, ""countryName"": ""Vietnam"", ""fcodeName"": ""first-order administrative division"", ""adminName1"": ""Long An"", ""lat"": ""10.7"", ""fcode"": ""ADM1""}";Long An;VNM;AS;10.7;106.16667;[1562822, 1575788];2019-02-15T01:37:34;['h5n1', 'HPAI'];"{""domestic bird"": [""fowl""]}";;;;;15;7;4.0;2;2019;winter
76;77;['470-T5ZYEOYRRI'];['https://www.bignewsnetwork.com/news/260795652/nepal-records-first-death-from-bird-flu'];['bignewsnetwork.com'];12095485;"{""adminCode1"": ""3"", ""lng"": ""85.62309"", ""geonameId"": 12095485, ""toponymName"": ""Kavrepalanchok"", ""countryId"": ""1282988"", ""fcl"": ""A"", ""population"": 0, ""countryCode"": ""NP"", ""name"": ""Kavrepalanchok"", ""fclName"": ""country, state, region,..."", ""adminCodes1"": {""ISO3166_2"": ""P3""}, ""countryName"": ""Nepal"", ""fcodeName"": ""second-order administrative division"", ""adminName1"": ""Bagmati Province"", ""lat"": ""27.54521"", ""fcode"": ""ADM2""}";Kavrepalanchok;NPL;AS;27.54521;85.62309;[1282988, 12095449, 12095485];2019-05-02T22:23:26;['', 'AI-unknown'];"{""bird-unknown"": [""subtype-unknown""]}";;;;;2;18;9.0;5;2019;spring
77;78;['473-TQVTGZPC6X'];['https://www.indiatoday.in/education-today/gk-current-affairs/story/difference-nipah-virus-kerala-swine-flu-bird-flu-symptoms-treatment-1545145-2019-06-08'];['indiatoday.in'];1733045;"{""adminCode1"": ""00"", ""lng"": ""112.5"", ""geonameId"": 1733045, ""toponymName"": ""Malaysia"", ""countryId"": ""1733045"", ""fcl"": ""A"", ""population"": 31528585, ""countryCode"": ""MY"", ""name"": ""Malaysia"", ""fclName"": ""country, state, region,..."", ""countryName"": ""Malaysia"", ""fcodeName"": ""independent political entity"", ""adminName1"": """", ""lat"": ""2.5"", ""fcode"": ""PCLI""}";Malaysia;MYS;AS;2.5;112.5;[1733045];2019-06-08T15:01:00;['', 'AI-unknown'];"{""human"": [""gender-unknown""]}";;;;;8;23;12.0;6;2019;spring
78;79;['475-TS7VKVK98R'];['http://www.xinhuanet.com/english/2019-01/09/c_137731215.htm'];['xinhuanet.com'];1581298;"{""adminCode1"": ""13"", ""lng"": ""106.68345"", ""geonameId"": 1581298, ""toponymName"": ""Haiphong"", ""countryId"": ""1562822"", ""fcl"": ""P"", ""population"": 841520, ""countryCode"": ""VN"", ""name"": ""Haiphong"", ""fclName"": ""city, village,..."", ""adminCodes1"": {""ISO3166_2"": ""HP""}, ""countryName"": ""Vietnam"", ""fcodeName"": ""seat of a first-order administrative division"", ""adminName1"": ""Haiphong"", ""lat"": ""20.86481"", ""fcode"": ""PPLA""}";Haiphong;VNM;AS;20.86481;106.68345;[1562822, 1581297, 1581298];2019-01-09T08:49:26;['h5n6', 'HPAI'];"{""domestic bird"": [""fowl""]}";;;;;9;2;1.0;1;2019;winter
79;80;['478-TWHPV8T5QI'];['https://www.nation.co.ke/business/Kenya-lifts-ban-on-Uganda-poultry-products/996-5145212-4ja7utz/index.html'];['nation.co.ke'];226074;"{""address"": ""Uganda"", ""class_description"": ""country, state, region,..."", ""code"": ""PCLI"", ""country"": ""Uganda"", ""country_code"": ""UG"", ""description"": ""independent political entity"", ""feature_class"": ""A"", ""geonames_id"": 226074, ""lat"": ""1.25"", ""lng"": ""32.5"", ""ok"": true, ""population"": 42723139, ""raw"": {""adminCode1"": ""00"", ""lng"": ""32.5"", ""geonameId"": 226074, ""toponymName"": ""Republic of Uganda"", ""countryId"": ""226074"", ""fcl"": ""A"", ""population"": 42723139, ""countryCode"": ""UG"", ""name"": ""Uganda"", ""fclName"": ""country, state, region,..."", ""countryName"": ""Uganda"", ""fcodeName"": ""independent political entity"", ""adminName1"": """", ""lat"": ""1.25"", ""fcode"": ""PCLI""}, ""state_code"": ""00"", ""status"": ""OK""}";Uganda;UGA;AF;1.25;32.5;[226074];2019-06-04T16:32:07;['', 'AI-unknown'];"{""bird-unknown"": [""subtype-unknown""]}";;;;;4;23;12.0;6;2019;spring
80;81;['482-U4YF1FDZTE'];['https://timesofindia.indiatimes.com/city/jamshedpur/bird-flu-alert-in-e-singhbhum-dist/articleshow/67493584.cms'];['indiatimes.com'];1256163;"{""adminCode1"": ""38"", ""lng"": ""85.5"", ""geonameId"": 1256163, ""toponymName"": ""Pashchim Singhbh\u016bm"", ""countryId"": ""1269750"", ""fcl"": ""A"", ""population"": 1502338, ""countryCode"": ""IN"", ""name"": ""West Singhbhum"", ""fclName"": ""country, state, region,..."", ""adminCodes1"": {""ISO3166_2"": ""JH""}, ""countryName"": ""India"", ""fcodeName"": ""second-order administrative division"", ""adminName1"": ""Jharkhand"", ""lat"": ""22.5"", ""fcode"": ""ADM2""}";Pashchim Singhbhūm;IND;AS;22.5;85.5;[1269750, 1444365, 1256163];2019-01-12T07:00:00;['', 'AI-unknown'];"{""bird-unknown"": [""subtype-unknown""]}";;;;;12;2;1.0;1;2019;winter
81;82;['483-U4YF1FDZTE'];['https://timesofindia.indiatimes.com/city/jamshedpur/bird-flu-alert-in-e-singhbhum-dist/articleshow/67493584.cms'];['indiatimes.com'];1261029;"{""adminCode1"": ""21"", ""lng"": ""84.41667"", ""geonameId"": 1261029, ""toponymName"": ""State of Odisha"", ""countryId"": ""1269750"", ""fcl"": ""A"", ""population"": 41974218, ""countryCode"": ""IN"", ""name"": ""Odisha"", ""fclName"": ""country, state, region,..."", ""adminCodes1"": {""ISO3166_2"": ""OR""}, ""countryName"": ""India"", ""fcodeName"": ""first-order administrative division"", ""adminName1"": ""Odisha"", ""lat"": ""20.5"", ""fcode"": ""ADM1""}";State of Odisha;IND;AS;20.5;84.41667;[1269750, 1261029];2019-01-12T07:00:00;['', 'AI-unknown'];"{""bird-unknown"": [""subtype-unknown""]}";;;;;12;2;1.0;1;2019;winter
82;83;['496-VEI5VF7ZIS'];['https://timesofindia.indiatimes.com/city/patna/bird-flu-patna-zoo-to-send-fresh-samples-to-lab/articleshow/67744152.cms'];['indiatimes.com'];1275841;"{""adminCode1"": ""35"", ""lng"": ""77.40289"", ""geonameId"": 1275841, ""toponymName"": ""Bhop\u0101l"", ""countryId"": ""1269750"", ""fcl"": ""P"", ""population"": 1599914, ""countryCode"": ""IN"", ""name"": ""Bhopal"", ""fclName"": ""city, village,..."", ""adminCodes1"": {""ISO3166_2"": ""MP""}, ""countryName"": ""India"", ""fcodeName"": ""seat of a first-order administrative division"", ""adminName1"": ""Madhya Pradesh"", ""lat"": ""23.25469"", ""fcode"": ""PPLA""}";Bhopāl;IND;AS;23.25469;77.40289;[1269750, 1264542, 1275842, 1275841];2019-01-28T07:00:00;['h5n1', 'HPAI'];"{""wild bird"": [""crow""]}";;;;;28;5;3.0;1;2019;winter
83;84;['497-VK149VM0QL'];['https://ourcommunitynow.com/news/new-duck-disease-affecting-denver-area-ducks-and-geese'];['ourcommunitynow.com'];4973311;"{""adminCode1"": ""ME"", ""lng"": ""-69.53671"", ""geonameId"": 4973311, ""toponymName"": ""Newcastle"", ""countryId"": ""6252001"", ""fcl"": ""P"", ""population"": 667, ""countryCode"": ""US"", ""name"": ""Newcastle"", ""fclName"": ""city, village,..."", ""adminCodes1"": {""ISO3166_2"": ""ME""}, ""countryName"": ""United States"", ""fcodeName"": ""populated place"", ""adminName1"": ""Maine"", ""lat"": ""44.03508"", ""fcode"": ""PPL""}";Newcastle;USA;NA;44.03508;-69.53671;[6252001, 4971068, 4969555, 4973313, 4973311];2019-03-11T13:20:19;['', 'AI-unknown'];"{""wild bird"": [""duck""]}";;;;;11;11;6.0;3;2019;winter
84;85;['499-VK149VM0QL'];['https://ourcommunitynow.com/news/new-duck-disease-affecting-denver-area-ducks-and-geese'];['ourcommunitynow.com'];5419384;"{""adminCode1"": ""CO"", ""lng"": ""-104.9847"", ""geonameId"": 5419384, ""toponymName"": ""Denver"", ""countryId"": ""6252001"", ""fcl"": ""P"", ""population"": 715522, ""countryCode"": ""US"", ""name"": ""Denver"", ""fclName"": ""city, village,..."", ""adminCodes1"": {""ISO3166_2"": ""CO""}, ""countryName"": ""United States"", ""fcodeName"": ""seat of a first-order administrative division"", ""adminName1"": ""Colorado"", ""lat"": ""39.73915"", ""fcode"": ""PPLA""}";Denver;USA;NA;39.73915;-104.9847;[6252001, 5417618, 5419396, 5419384];2019-03-11T13:20:19;['', 'AI-unknown'];"{""wild bird"": [""duck""]}";;;;;11;11;6.0;3;2019;winter
85;86;['500-VKDO8V75BN'];['https://news.abs-cbn.com/spotlight/05/21/19/2-philippine-eagles-to-be-brought-to-singapore-for-breeding'];['news.abs-cbn.com'];3585968;"{""adminCode1"": ""00"", ""lng"": ""-88.91667"", ""geonameId"": 3585968, ""toponymName"": ""Republic of El Salvador"", ""countryId"": ""3585968"", ""fcl"": ""A"", ""population"": 6420744, ""countryCode"": ""SV"", ""name"": ""El Salvador"", ""fclName"": ""country, state, region,..."", ""countryName"": ""El Salvador"", ""fcodeName"": ""independent political entity"", ""adminName1"": """", ""lat"": ""13.83333"", ""fcode"": ""PCLI""}";Republic of El Salvador;SLV;NA;13.83333;-88.91667;[3585968];2019-05-21T13:19:00;['', 'AI-unknown'];"{""bird-unknown"": [""subtype-unknown""]}";;;;;21;21;11.0;5;2019;spring
86;87;['502-VOMLI0KKNN'];['https://setopati.net/social/142157'];['setopati.net'];7951170;"{""adminCode1"": ""6"", ""lng"": ""81.8603"", ""geonameId"": 7951170, ""toponymName"": ""Raya"", ""countryId"": ""1282988"", ""fcl"": ""P"", ""population"": 0, ""countryCode"": ""NP"", ""name"": ""Raya"", ""fclName"": ""city, village,..."", ""adminCodes1"": {""ISO3166_2"": ""P6""}, ""countryName"": ""Nepal"", ""fcodeName"": ""populated locality"", ""adminName1"": ""Karnali Pradesh"", ""lat"": ""29.87692"", ""fcode"": ""PPLL""}";Raya;NPL;AS;29.87692;81.8603;[1282988, 12095452, 12095474, 12095623, 7951170];2019-03-17T12:07:15;['h5n1', 'HPAI'];"{""domestic bird"": [""chicken""]}";;;;;17;11;6.0;3;2019;winter
87;88;['504-VW4GZ8M97T'];['https://www.globalmeatnews.com/Article/2019/03/19/Avian-Influenza-scare-causes-Danish-ban'];['globalmeatnews.com'];2616933;"{""adminCode1"": ""21"", ""lng"": ""9.73054"", ""geonameId"": 2616933, ""toponymName"": ""Middelfart"", ""countryId"": ""2623032"", ""fcl"": ""P"", ""population"": 16277, ""countryCode"": ""DK"", ""name"": ""Middelfart"", ""fclName"": ""city, village,..."", ""adminCodes1"": {""ISO3166_2"": ""83""}, ""countryName"": ""Denmark"", ""fcodeName"": ""seat of a second-order administrative division"", ""adminName1"": ""South Denmark"", ""lat"": ""55.50591"", ""fcode"": ""PPLA2""}";Middelfart;DNK;EU;55.50591;9.73054;[2623032, 6418542, 2616932, 2616933];2019-03-19T11:50:32;['h7', 'AI-unknown'];"{""bird-unknown"": [""subtype-unknown""]}";;;;;19;12;6.0;3;2019;winter
88;89;['512-X7P8X7AVPD'];['https://lovindubai.com/news/bird-flu-ban-uae'];['lovindubai.com'];290557;"{""adminCode1"": ""00"", ""lng"": ""54.5"", ""geonameId"": 290557, ""toponymName"": ""United Arab Emirates"", ""countryId"": ""290557"", ""fcl"": ""A"", ""population"": 9630959, ""countryCode"": ""AE"", ""name"": ""United Arab Emirates"", ""fclName"": ""country, state, region,..."", ""countryName"": ""United Arab Emirates"", ""fcodeName"": ""independent political entity"", ""adminName1"": """", ""lat"": ""23.75"", ""fcode"": ""PCLI""}";United Arab Emirates;ARE;AS;23.75;54.5;[290557];2019-04-08T09:15:00;['', 'AI-unknown'];"{""bird-unknown"": [""subtype-unknown""]}";;;;;8;15;8.0;4;2019;spring
89;90;['526-Y6X2REDBB1'];['https://menafn.com/1098228833/Vietnam-bird-flu-outbreaks-infect-5000-chickens'];['menafn.com'];1905516;"{""adminCode1"": ""84"", ""lng"": ""107.91667"", ""geonameId"": 1905516, ""toponymName"": ""T\u1ec9nh Qu\u1ea3ng Nam"", ""countryId"": ""1562822"", ""fcl"": ""A"", ""population"": 1463300, ""countryCode"": ""VN"", ""name"": ""T\u1ec9nh Qu\u1ea3ng Nam"", ""fclName"": ""country, state, region,..."", ""adminCodes1"": {""ISO3166_2"": ""27""}, ""countryName"": ""Vietnam"", ""fcodeName"": ""first-order administrative division"", ""adminName1"": ""Qu\u1ea3ng Nam"", ""lat"": ""15.58333"", ""fcode"": ""ADM1""}";Tỉnh Quảng Nam;VNM;AS;15.58333;107.91667;[1562822, 1905516];2019-03-09T12:51:26;['', 'AI-unknown'];"{""domestic bird"": [""chicken""]}";;;;;9;10;5.0;3;2019;winter
90;91;['530-YNSSULBDJQ'];['https://www.theeastafrican.co.ke/business/Kenya-to-lift-ban-on-Uganda-poultry-imports/2560-4960290-kfat4n/index.html'];['theeastafrican.co.ke'];192950;"{""address"": ""Kenya"", ""class_description"": ""country, state, region,..."", ""code"": ""PCLI"", ""country"": ""Kenya"", ""country_code"": ""KE"", ""description"": ""independent political entity"", ""feature_class"": ""A"", ""geonames_id"": 192950, ""lat"": ""1"", ""lng"": ""38"", ""ok"": true, ""population"": 51393010, ""raw"": {""adminCode1"": ""00"", ""lng"": ""38"", ""geonameId"": 192950, ""toponymName"": ""Republic of Kenya"", ""countryId"": ""192950"", ""fcl"": ""A"", ""population"": 51393010, ""countryCode"": ""KE"", ""name"": ""Kenya"", ""fclName"": ""country, state, region,..."", ""countryName"": ""Kenya"", ""fcodeName"": ""independent political entity"", ""adminName1"": """", ""lat"": ""1"", ""fcode"": ""PCLI""}, ""state_code"": ""00"", ""status"": ""OK""}";Kenya;KEN;AF;1.0;38.0;[192950];2019-01-31T07:00:00;['', 'AI-unknown'];"{""domestic bird"": [""subtype-unknown""]}";;;;;31;5;3.0;1;2019;winter
91;92;['531-YNSSULBDJQ'];['https://www.theeastafrican.co.ke/business/Kenya-to-lift-ban-on-Uganda-poultry-imports/2560-4960290-kfat4n/index.html'];['theeastafrican.co.ke'];226074;"{""address"": ""Uganda"", ""class_description"": ""country, state, region,..."", ""code"": ""PCLI"", ""country"": ""Uganda"", ""country_code"": ""UG"", ""description"": ""independent political entity"", ""feature_class"": ""A"", ""geonames_id"": 226074, ""lat"": ""1.25"", ""lng"": ""32.5"", ""ok"": true, ""population"": 42723139, ""raw"": {""adminCode1"": ""00"", ""lng"": ""32.5"", ""geonameId"": 226074, ""toponymName"": ""Republic of Uganda"", ""countryId"": ""226074"", ""fcl"": ""A"", ""population"": 42723139, ""countryCode"": ""UG"", ""name"": ""Uganda"", ""fclName"": ""country, state, region,..."", ""countryName"": ""Uganda"", ""fcodeName"": ""independent political entity"", ""adminName1"": """", ""lat"": ""1.25"", ""fcode"": ""PCLI""}, ""state_code"": ""00"", ""status"": ""OK""}";Uganda;UGA;AF;1.25;32.5;[226074];2019-01-31T07:00:00;['', 'AI-unknown'];"{""domestic bird"": [""subtype-unknown""]}";;;;;31;5;3.0;1;2019;winter
