"id";"article_id";"url";"source";"geonames_id";"geoname_json";"loc_name";"loc_country_code";"continent";"lat";"lng";"hierarchy_data";"published_at";"disease";"host";"symptom subtype";"symptom";"title";"sentences";"day_no";"week_no";"biweek_no";"month_no";"year";"season"
1;"249486";"-1";"-1";1282653;"{""adminCode1"": ""3"", ""lng"": ""85.33333"", ""geonameId"": 1282653, ""toponymName"": ""Tokha"", ""countryId"": ""1282988"", ""fcl"": ""P"", ""population"": 0, ""countryCode"": ""NP"", ""name"": ""Tokha"", ""fclName"": ""city, village,..."", ""adminCodes1"": {""ISO3166_2"": ""P3""}, ""countryName"": ""Nepal"", ""fcodeName"": ""populated place"", ""adminName1"": ""Bagmati Province"", ""lat"": ""27.75"", ""fcode"": ""PPL""}";"Tokha";"NPL";"AS";"27.75";"85.33333";"[1282988, 12095449, 12095484, 12096276, 1282653]";"2019-03-24T00:00:00";"['h5n1', 'HPAI']";"{""domestic bird"": [""chicken""]}";"";"";"";"";24;12;6.0;3;2019;"spring"
2;"249487";"-1";"-1";12095757;"{""adminCode1"": ""3"", ""lng"": ""85.04134"", ""geonameId"": 12095757, ""toponymName"": ""Tarkeshwar"", ""countryId"": ""1282988"", ""fcl"": ""A"", ""population"": 0, ""countryCode"": ""NP"", ""name"": ""Tarkeshwar"", ""fclName"": ""country, state, region,..."", ""adminCodes1"": {""ISO3166_2"": ""P3""}, ""countryName"": ""Nepal"", ""fcodeName"": ""third-order administrative division"", ""adminName1"": ""Bagmati Province"", ""lat"": ""27.88355"", ""fcode"": ""ADM3""}";"Tarkeshwar";"NPL";"AS";"27.88355";"85.04134";"[1282988, 12095449, 12095497, 12095757]";"2019-03-24T00:00:00";"['h5n1', 'HPAI']";"{""domestic bird"": [""chicken""]}";"";"";"";"";24;12;6.0;3;2019;"spring"
3;"249488";"-1";"-1";1283729;"{""adminCode1"": ""4"", ""lng"": ""84.12219"", ""geonameId"": 1283729, ""toponymName"": ""Annap\u016brna II"", ""countryId"": ""1282988"", ""fcl"": ""T"", ""population"": 0, ""countryCode"": ""NP"", ""name"": ""Annap\u016brna II"", ""fclName"": ""mountain,hill,rock,... "", ""adminCodes1"": {""ISO3166_2"": ""P4""}, ""countryName"": ""Nepal"", ""fcodeName"": ""mountain"", ""adminName1"": ""Gandaki Pradesh"", ""lat"": ""28.53495"", ""fcode"": ""MT""}";"Annapūrna II";"NPL";"AS";"28.53495";"84.12219";"[1282988, 12095450, 12095483, 12095708, 1283729]";"2019-03-24T00:00:00";"['h5n1', 'HPAI']";"{""domestic bird"": [""chicken""]}";"";"";"";"";24;12;6.0;3;2019;"spring"
4;"250205";"-1";"-1";3817746;"{""adminCode1"": ""15"", ""lng"": ""-98.9364"", ""geonameId"": 3817746, ""toponymName"": ""Tepexpan"", ""countryId"": ""3996063"", ""fcl"": ""P"", ""population"": 102667, ""countryCode"": ""MX"", ""name"": ""Tepexpan"", ""fclName"": ""city, village,..."", ""adminCodes1"": {""ISO3166_2"": ""MEX""}, ""countryName"": ""Mexico"", ""fcodeName"": ""populated place"", ""adminName1"": ""M\u00e9xico"", ""lat"": ""19.61387"", ""fcode"": ""PPL""}";"Tepexpan";"MEX";"NA";"19.61387";"-98.9364";"[3996063, 3523272, 8379113, 3817746]";"2019-04-01T00:00:00";"['h7n3', 'LPAI']";"{""domestic bird"": [""chicken""]}";"";"";"";"";1;14;7.0;4;2019;"spring"
5;"248985";"-1";"-1";1668632;"{""adminCode1"": ""04"", ""lng"": ""120.3209"", ""geonameId"": 1668632, ""toponymName"": ""Dacheng"", ""countryId"": ""1668284"", ""fcl"": ""P"", ""population"": 0, ""countryCode"": ""TW"", ""name"": ""Dacheng"", ""fclName"": ""city, village,..."", ""countryName"": ""Taiwan"", ""fcodeName"": ""populated place"", ""adminName1"": ""Taiwan"", ""lat"": ""23.855"", ""fcode"": ""PPL""}";"Dacheng";"TWN";"AS";"23.855";"120.3209";"[1668284, 7280291, 1679134, 1668631, 11700847, 1668632]";"2019-03-12T00:00:00";"['h5n2', 'LPAI']";"{""domestic bird"": [""chicken""]}";"";"";"";"";12;11;6.0;3;2019;"winter"
6;"249046";"-1";"-1";12095757;"{""adminCode1"": ""3"", ""lng"": ""85.04134"", ""geonameId"": 12095757, ""toponymName"": ""Tarkeshwar"", ""countryId"": ""1282988"", ""fcl"": ""A"", ""population"": 0, ""countryCode"": ""NP"", ""name"": ""Tarkeshwar"", ""fclName"": ""country, state, region,..."", ""adminCodes1"": {""ISO3166_2"": ""P3""}, ""countryName"": ""Nepal"", ""fcodeName"": ""third-order administrative division"", ""adminName1"": ""Bagmati Province"", ""lat"": ""27.88355"", ""fcode"": ""ADM3""}";"Tarkeshwar";"NPL";"AS";"27.88355";"85.04134";"[1282988, 12095449, 12095497, 12095757]";"2019-03-17T00:00:00";"['h5n1', 'HPAI']";"{""bird-unknown"": [""subtype-unknown""]}";"";"";"";"";17;11;6.0;3;2019;"winter"
7;"248311";"-1";"-1";2611783;"{""adminCode1"": ""19"", ""lng"": ""10.06148"", ""geonameId"": 2611783, ""toponymName"": ""Terndrup"", ""countryId"": ""2623032"", ""fcl"": ""P"", ""population"": 0, ""countryCode"": ""DK"", ""name"": ""Terndrup"", ""fclName"": ""city, village,..."", ""adminCodes1"": {""ISO3166_2"": ""81""}, ""countryName"": ""Denmark"", ""fcodeName"": ""populated place"", ""adminName1"": ""North Denmark"", ""lat"": ""56.81387"", ""fcode"": ""PPL""}";"Terndrup";"DNK";"EU";"56.81387";"10.06148";"[2623032, 6418540, 6543937, 2611783]";"2019-03-01T00:00:00";"['h5', 'AI-unknown']";"{""domestic bird"": [""chicken""]}";"";"";"";"";1;9;5.0;3;2019;"winter"
8;"249044";"-1";"-1";113646;"{""adminCode1"": ""33"", ""lng"": ""46.2919"", ""geonameId"": 113646, ""toponymName"": ""Tabriz"", ""countryId"": ""130758"", ""fcl"": ""P"", ""population"": 1424641, ""countryCode"": ""IR"", ""name"": ""Tabriz"", ""fclName"": ""city, village,..."", ""adminCodes1"": {""ISO3166_2"": ""03""}, ""countryName"": ""Iran"", ""fcodeName"": ""seat of a first-order administrative division"", ""adminName1"": ""East Azerbaijan"", ""lat"": ""38.08"", ""fcode"": ""PPLA""}";"Tabriz";"IRN";"AS";"38.08";"46.2919";"[130758, 142549, 113646]";"2019-03-18T00:00:00";"['h5n8', 'HPAI']";"{""bird-unknown"": [""subtype-unknown""]}";"";"";"";"";18;12;6.0;3;2019;"winter"
9;"248984";"-1";"-1";6652012;"{""adminCode1"": ""04"", ""lng"": ""120.84887"", ""geonameId"": 6652012, ""toponymName"": ""Dongshi"", ""countryId"": ""1668284"", ""fcl"": ""T"", ""population"": 0, ""countryCode"": ""TW"", ""name"": ""Dongshi"", ""fclName"": ""mountain,hill,rock,... "", ""countryName"": ""Taiwan"", ""fcodeName"": ""peak"", ""adminName1"": ""Taiwan"", ""lat"": ""24.27933"", ""fcode"": ""PK""}";"Dongshi";"TWN";"AS";"24.27933";"120.84887";"[1668284, 7280291, 9613500, 1666462, 11699720, 6652012]";"2019-03-12T00:00:00";"['h5n2', 'LPAI']";"{""domestic bird"": [""chicken""]}";"";"";"";"";12;11;6.0;3;2019;"winter"
10;"260135";"-1";"-1";6201372;"{""adminCode1"": ""36"", ""lng"": ""-70.50877"", ""geonameId"": 6201372, ""toponymName"": ""Provincia de San Jos\u00e9 de Ocoa"", ""countryId"": ""3508796"", ""fcl"": ""A"", ""population"": 62368, ""countryCode"": ""DO"", ""name"": ""Provincia de San Jos\u00e9 de Ocoa"", ""fclName"": ""country, state, region,..."", ""adminCodes1"": {""ISO3166_2"": ""31""}, ""countryName"": ""Dominican Republic"", ""fcodeName"": ""first-order administrative division"", ""adminName1"": ""San Jos\u00e9 de Ocoa"", ""lat"": ""18.54882"", ""fcode"": ""ADM1""}";"Provincia de San José de Ocoa";"DOM";"NA";"18.54882";"-70.50877";"[3508796, 6201372]";"2019-10-16T00:00:00";"['h5n2', 'LPAI']";"{""domestic bird"": [""chicken""]}";"";"";"";"";16;42;21.0;10;2019;"autumn"
11;"248343";"-1";"-1";1665534;"{""adminCode1"": ""04"", ""lng"": ""120.56667"", ""geonameId"": 1665534, ""toponymName"": ""Yanpu Township"", ""countryId"": ""1668284"", ""fcl"": ""A"", ""population"": 24208, ""countryCode"": ""TW"", ""name"": ""Yanpu"", ""fclName"": ""country, state, region,..."", ""countryName"": ""Taiwan"", ""fcodeName"": ""third-order administrative division"", ""adminName1"": ""Taiwan"", ""lat"": ""22.73333"", ""fcode"": ""ADM3""}";"Yanpu Township";"TWN";"AS";"22.73333";"120.56667";"[1668284, 7280291, 1670479, 1665534]";"2019-03-05T00:00:00";"['h5n2', 'LPAI']";"{""domestic bird"": [""chicken""]}";"";"";"";"";5;10;5.0;3;2019;"winter"
12;"260134";"-1";"-1";3509382;"{""adminCode1"": ""30"", ""lng"": ""-70.52956"", ""geonameId"": 3509382, ""toponymName"": ""Concepci\u00f3n de La Vega"", ""countryId"": ""3508796"", ""fcl"": ""P"", ""population"": 102426, ""countryCode"": ""DO"", ""name"": ""Concepci\u00f3n de la Vega"", ""fclName"": ""city, village,..."", ""adminCodes1"": {""ISO3166_2"": ""13""}, ""countryName"": ""Dominican Republic"", ""fcodeName"": ""seat of a first-order administrative division"", ""adminName1"": ""La Vega"", ""lat"": ""19.22207"", ""fcode"": ""PPLA""}";"Concepción de La Vega";"DOM";"NA";"19.22207";"-70.52956";"[3508796, 3499977, 3499980, 11154946, 11155571, 3509382]";"2019-10-16T00:00:00";"['h5n2', 'LPAI']";"{""domestic bird"": [""chicken""]}";"";"";"";"";16;42;21.0;10;2019;"autumn"
13;"254578";"-1";"-1";3367073;"{""adminCode1"": ""31"", ""lng"": ""15.07998"", ""geonameId"": 3367073, ""toponymName"": ""Halifax Island"", ""countryId"": ""3355338"", ""fcl"": ""T"", ""population"": 0, ""countryCode"": ""NA"", ""name"": ""Halifax Island"", ""fclName"": ""mountain,hill,rock,... "", ""adminCodes1"": {""ISO3166_2"": ""KA""}, ""countryName"": ""Namibia"", ""fcodeName"": ""island"", ""adminName1"": ""Karas"", ""lat"": ""-26.65098"", ""fcode"": ""ISL""}";"Halifax Island";"NAM";"AF";"-26.65098";"15.07998";"[3355338, 3371201, 3367073]";"2019-06-20T00:00:00";"['h5n8', 'HPAI']";"{""wild bird"": [""penguin""]}";"";"";"";"";20;25;13.0;6;2019;"spring"
14;"254589";"-1";"-1";3366595;"{""adminCode1"": ""31"", ""lng"": ""14.93664"", ""geonameId"": 3366595, ""toponymName"": ""Ichaboe Island"", ""countryId"": ""3355338"", ""fcl"": ""T"", ""population"": 0, ""countryCode"": ""NA"", ""name"": ""Ichabo Island"", ""fclName"": ""mountain,hill,rock,... "", ""adminCodes1"": {""ISO3166_2"": ""KA""}, ""countryName"": ""Namibia"", ""fcodeName"": ""island"", ""adminName1"": ""Karas"", ""lat"": ""-26.28902"", ""fcode"": ""ISL""}";"Ichaboe Island";"NAM";"AF";"-26.28902";"14.93664";"[3355338, 3371201, 3366595]";"2019-06-20T00:00:00";"['h5n8', 'HPAI']";"{""wild bird"": [""penguin""]}";"";"";"";"";20;25;13.0;6;2019;"spring"
15;"247853";"-1";"-1";6655460;"{""adminCode1"": ""04"", ""lng"": ""120.38119"", ""geonameId"": 6655460, ""toponymName"": ""Huwei Tifang"", ""countryId"": ""1668284"", ""fcl"": ""T"", ""population"": 0, ""countryCode"": ""TW"", ""name"": ""Hu-wei Levee"", ""fclName"": ""mountain,hill,rock,... "", ""countryName"": ""Taiwan"", ""fcodeName"": ""levee"", ""adminName1"": ""Taiwan"", ""lat"": ""23.60892"", ""fcode"": ""LEV""}";"Huwei Tifang";"TWN";"AS";"23.60892";"120.38119";"[1668284, 7280291, 6655460]";"2019-02-26T00:00:00";"['h5n2', 'LPAI']";"{""domestic bird"": [""chicken""]}";"";"";"";"";26;9;5.0;2;2019;"winter"
16;"249045";"-1";"-1";10329501;"{""adminCode1"": ""CR"", ""lng"": ""85.002"", ""geonameId"": 10329501, ""toponymName"": ""He\u1e6daud\u0101"", ""countryId"": ""1282988"", ""fcl"": ""A"", ""population"": 0, ""countryCode"": ""NP"", ""name"": ""He\u1e6daud\u0101"", ""fclName"": ""country, state, region,..."", ""adminCodes1"": {""ISO3166_2"": ""1""}, ""countryName"": ""Nepal"", ""fcodeName"": ""administrative division"", ""adminName1"": ""Central Region"", ""lat"": ""27.438"", ""fcode"": ""ADMD""}";"Heṭaudā";"NPL";"AS";"27.438";"85.002";"[1282988, 10329501]";"2019-03-17T00:00:00";"['h5n1', 'HPAI']";"{""bird-unknown"": [""subtype-unknown""]}";"";"";"";"";17;11;6.0;3;2019;"winter"
17;"247852";"-1";"-1";1668632;"{""adminCode1"": ""04"", ""lng"": ""120.3209"", ""geonameId"": 1668632, ""toponymName"": ""Dacheng"", ""countryId"": ""1668284"", ""fcl"": ""P"", ""population"": 0, ""countryCode"": ""TW"", ""name"": ""Dacheng"", ""fclName"": ""city, village,..."", ""countryName"": ""Taiwan"", ""fcodeName"": ""populated place"", ""adminName1"": ""Taiwan"", ""lat"": ""23.855"", ""fcode"": ""PPL""}";"Dacheng";"TWN";"AS";"23.855";"120.3209";"[1668284, 7280291, 1679134, 1668631, 11700847, 1668632]";"2019-02-26T00:00:00";"['h5n2', 'LPAI']";"{""domestic bird"": [""chicken""]}";"";"";"";"";26;9;5.0;2;2019;"winter"
18;"247951";"-1";"-1";10363873;"{""adminCode1"": ""09"", ""lng"": ""113.90118"", ""geonameId"": 10363873, ""toponymName"": ""Xingquan"", ""countryId"": ""1814991"", ""fcl"": ""P"", ""population"": 0, ""countryCode"": ""CN"", ""name"": ""Xingquan"", ""fclName"": ""city, village,..."", ""adminCodes1"": {""ISO3166_2"": ""HA""}, ""countryName"": ""China"", ""fcodeName"": ""populated place"", ""adminName1"": ""Henan"", ""lat"": ""35.89119"", ""fcode"": ""PPL""}";"Xingquan";"CHN";"AS";"35.89119";"113.90118";"[1814991, 1808520, 1817942, 10363873]";"2019-02-27T00:00:00";"['h5n6', 'HPAI']";"{""bird-unknown"": [""subtype-unknown""]}";"";"";"";"";27;9;5.0;2;2019;"winter"
19;"248342";"-1";"-1";1264551;"{""adminCode1"": ""38"", ""lng"": ""86.63929"", ""geonameId"": 1264551, ""toponymName"": ""Madhupur"", ""countryId"": ""1269750"", ""fcl"": ""P"", ""population"": 50671, ""countryCode"": ""IN"", ""name"": ""Madhupur"", ""fclName"": ""city, village,..."", ""adminCodes1"": {""ISO3166_2"": ""JH""}, ""countryName"": ""India"", ""fcodeName"": ""populated place"", ""adminName1"": ""Jharkhand"", ""lat"": ""24.27419"", ""fcode"": ""PPL""}";"Madhupur";"IND";"AS";"24.27419";"86.63929";"[1269750, 1444365, 9035761, 1264551]";"2019-03-07T00:00:00";"['h5n1', 'HPAI']";"{""wild bird"": [""crow""]}";"";"";"";"";7;10;5.0;3;2019;"winter"
20;"247389";"-1";"-1";2346561;"{""adminCode1"": ""49"", ""lng"": ""8.86397"", ""geonameId"": 2346561, ""toponymName"": ""Bukuru"", ""countryId"": ""2328926"", ""fcl"": ""P"", ""population"": 15540, ""countryCode"": ""NG"", ""name"": ""Bukuru"", ""fclName"": ""city, village,..."", ""adminCodes1"": {""ISO3166_2"": ""PL""}, ""countryName"": ""Nigeria"", ""fcodeName"": ""seat of a second-order administrative division"", ""adminName1"": ""Plateau"", ""lat"": ""9.79399"", ""fcode"": ""PPLA2""}";"Bukuru";"NGA";"AF";"9.79399";"8.86397";"[2328926, 2324828, 8634513, 2346561]";"2019-02-15T00:00:00";"['h5n8', 'HPAI']";"{""domestic bird"": [""chicken""]}";"";"";"";"";15;7;4.0;2;2019;"winter"
21;"248643";"-1";"-1";8668574;"{""adminCode1"": ""84"", ""lng"": ""108.37363"", ""geonameId"": 8668574, ""toponymName"": ""X\u00e3 Ti\u00ean Th\u1ecd"", ""countryId"": ""1562822"", ""fcl"": ""A"", ""population"": 0, ""countryCode"": ""VN"", ""name"": ""X\u00e3 Ti\u00ean Th\u1ecd"", ""fclName"": ""country, state, region,..."", ""adminCodes1"": {""ISO3166_2"": ""27""}, ""countryName"": ""Vietnam"", ""fcodeName"": ""third-order administrative division"", ""adminName1"": ""Qu\u1ea3ng Nam"", ""lat"": ""15.47709"", ""fcode"": ""ADM3""}";"Xã Tiên Thọ";"VNM";"AS";"15.47709";"108.37363";"[1562822, 1905516, 1905528, 8668574]";"2019-03-11T00:00:00";"['h5n6', 'HPAI']";"{""wild bird"": [""duck""]}";"";"";"";"";11;11;6.0;3;2019;"winter"
22;"262686";"-1";"-1";3509382;"{""adminCode1"": ""30"", ""lng"": ""-70.52956"", ""geonameId"": 3509382, ""toponymName"": ""Concepci\u00f3n de La Vega"", ""countryId"": ""3508796"", ""fcl"": ""P"", ""population"": 102426, ""countryCode"": ""DO"", ""name"": ""Concepci\u00f3n de la Vega"", ""fclName"": ""city, village,..."", ""adminCodes1"": {""ISO3166_2"": ""13""}, ""countryName"": ""Dominican Republic"", ""fcodeName"": ""seat of a first-order administrative division"", ""adminName1"": ""La Vega"", ""lat"": ""19.22207"", ""fcode"": ""PPLA""}";"Concepción de La Vega";"DOM";"NA";"19.22207";"-70.52956";"[3508796, 3499977, 3499980, 11154946, 11155571, 3509382]";"2019-12-19T00:00:00";"['h5n2', 'LPAI']";"{""domestic bird"": [""chicken""]}";"";"";"";"";19;51;26.0;12;2019;"autumn"
23;"260133";"-1";"-1";3493283;"{""adminCode1"": ""19"", ""lng"": ""-70.41762"", ""geonameId"": 3493283, ""toponymName"": ""Salcedo"", ""countryId"": ""3508796"", ""fcl"": ""P"", ""population"": 45299, ""countryCode"": ""DO"", ""name"": ""Salcedo"", ""fclName"": ""city, village,..."", ""adminCodes1"": {""ISO3166_2"": ""19""}, ""countryName"": ""Dominican Republic"", ""fcodeName"": ""seat of a first-order administrative division"", ""adminName1"": ""Hermanas Mirabal"", ""lat"": ""19.37762"", ""fcode"": ""PPLA""}";"Salcedo";"DOM";"NA";"19.37762";"-70.41762";"[3508796, 3493282, 3493284, 11154667, 11156297, 3493283]";"2019-10-16T00:00:00";"['h5n2', 'LPAI']";"{""domestic bird"": [""chicken""]}";"";"";"";"";16;42;21.0;10;2019;"autumn"
24;"247388";"-1";"-1";2335953;"{""adminCode1"": ""49"", ""lng"": ""8.89212"", ""geonameId"": 2335953, ""toponymName"": ""Jos"", ""countryId"": ""2328926"", ""fcl"": ""P"", ""population"": 816824, ""countryCode"": ""NG"", ""name"": ""Jos"", ""fclName"": ""city, village,..."", ""adminCodes1"": {""ISO3166_2"": ""PL""}, ""countryName"": ""Nigeria"", ""fcodeName"": ""seat of a first-order administrative division"", ""adminName1"": ""Plateau"", ""lat"": ""9.92849"", ""fcode"": ""PPLA""}";"Jos";"NGA";"AF";"9.92849";"8.89212";"[2328926, 2324828, 8634514, 2335953]";"2019-02-15T00:00:00";"['h5n8', 'HPAI']";"{""domestic bird"": [""chicken""]}";"";"";"";"";15;7;4.0;2;2019;"winter"
25;"248341";"-1";"-1";1258526;"{""adminCode1"": ""38"", ""lng"": ""85.3094"", ""geonameId"": 1258526, ""toponymName"": ""Ranchi"", ""countryId"": ""1269750"", ""fcl"": ""P"", ""population"": 1120374, ""countryCode"": ""IN"", ""name"": ""Ranchi"", ""fclName"": ""city, village,..."", ""adminCodes1"": {""ISO3166_2"": ""JH""}, ""countryName"": ""India"", ""fcodeName"": ""seat of a first-order administrative division"", ""adminName1"": ""Jharkhand"", ""lat"": ""23.34316"", ""fcode"": ""PPLA""}";"Ranchi";"IND";"AS";"23.34316";"85.3094";"[1269750, 1444365, 1258527, 1258526]";"2019-03-07T00:00:00";"['h5n1', 'HPAI']";"{""wild bird"": [""crow""]}";"";"";"";"";7;10;5.0;3;2019;"winter"
26;"260131";"-1";"-1";3505867;"{""adminCode1"": ""08"", ""lng"": ""-70.41667"", ""geonameId"": 3505867, ""toponymName"": ""Provincia Espaillat"", ""countryId"": ""3508796"", ""fcl"": ""A"", ""population"": 225091, ""countryCode"": ""DO"", ""name"": ""Provincia Espaillat"", ""fclName"": ""country, state, region,..."", ""adminCodes1"": {""ISO3166_2"": ""09""}, ""countryName"": ""Dominican Republic"", ""fcodeName"": ""first-order administrative division"", ""adminName1"": ""Espaillat"", ""lat"": ""19.58333"", ""fcode"": ""ADM1""}";"Provincia Espaillat";"DOM";"NA";"19.58333";"-70.41667";"[3508796, 3505867]";"2019-10-16T00:00:00";"['h5n2', 'LPAI']";"{""domestic bird"": [""chicken""]}";"";"";"";"";16;42;21.0;10;2019;"autumn"
27;"260132";"-1";"-1";3505867;"{""adminCode1"": ""08"", ""lng"": ""-70.41667"", ""geonameId"": 3505867, ""toponymName"": ""Provincia Espaillat"", ""countryId"": ""3508796"", ""fcl"": ""A"", ""population"": 225091, ""countryCode"": ""DO"", ""name"": ""Provincia Espaillat"", ""fclName"": ""country, state, region,..."", ""adminCodes1"": {""ISO3166_2"": ""09""}, ""countryName"": ""Dominican Republic"", ""fcodeName"": ""first-order administrative division"", ""adminName1"": ""Espaillat"", ""lat"": ""19.58333"", ""fcode"": ""ADM1""}";"Provincia Espaillat";"DOM";"NA";"19.58333";"-70.41667";"[3508796, 3505867]";"2019-10-16T00:00:00";"['h5n2', 'LPAI']";"{""domestic bird"": [""chicken""]}";"";"";"";"";16;42;21.0;10;2019;"autumn"
28;"247630";"-1";"-1";7627222;"{""adminCode1"": ""34"", ""lng"": ""84.99573"", ""geonameId"": 7627222, ""toponymName"": ""Jehanabad"", ""countryId"": ""1269750"", ""fcl"": ""A"", ""population"": 1125313, ""countryCode"": ""IN"", ""name"": ""Jehanabad"", ""fclName"": ""country, state, region,..."", ""adminCodes1"": {""ISO3166_2"": ""BR""}, ""countryName"": ""India"", ""fcodeName"": ""second-order administrative division"", ""adminName1"": ""Bihar"", ""lat"": ""25.20701"", ""fcode"": ""ADM2""}";"Jehanabad";"IND";"AS";"25.20701";"84.99573";"[1269750, 1275715, 7627222]";"2019-02-21T00:00:00";"['h5n1', 'HPAI']";"{""wild bird"": [""crow""]}";"";"";"";"";21;8;4.0;2;2019;"winter"
29;"247915";"-1";"-1";1018725;"{""adminCode1"": ""03"", ""lng"": ""26.214"", ""geonameId"": 1018725, ""toponymName"": ""Bloemfontein"", ""countryId"": ""953987"", ""fcl"": ""P"", ""population"": 556000, ""countryCode"": ""ZA"", ""name"": ""Bloemfontein"", ""fclName"": ""city, village,..."", ""adminCodes1"": {""ISO3166_2"": ""FS""}, ""countryName"": ""South Africa"", ""fcodeName"": ""seat of a first-order administrative division"", ""adminName1"": ""Orange Free State"", ""lat"": ""-29.12107"", ""fcode"": ""PPLA""}";"Bloemfontein";"ZAF";"AF";"-29.12107";"26.214";"[953987, 967573, 8347386, 8347445, 1018725]";"2019-02-20T00:00:00";"['h7n2', 'LPAI']";"{""domestic bird"": [""ostrich""]}";"";"";"";"";20;8;4.0;2;2019;"winter"
30;"248872";"-1";"-1";8347471;"{""adminCode1"": ""03"", ""lng"": ""25.01493"", ""geonameId"": 8347471, ""toponymName"": ""Letsemeng"", ""countryId"": ""953987"", ""fcl"": ""A"", ""population"": 36337, ""countryCode"": ""ZA"", ""name"": ""Letsemeng"", ""fclName"": ""country, state, region,..."", ""adminCodes1"": {""ISO3166_2"": ""FS""}, ""countryName"": ""South Africa"", ""fcodeName"": ""third-order administrative division"", ""adminName1"": ""Orange Free State"", ""lat"": ""-29.35811"", ""fcode"": ""ADM3""}";"Letsemeng";"ZAF";"AF";"-29.35811";"25.01493";"[953987, 967573, 8347359, 8347471]";"2019-03-14T00:00:00";"['h5n8', 'HPAI']";"{""domestic bird"": [""ostrich""]}";"";"";"";"";14;11;6.0;3;2019;"winter"
31;"254508";"-1";"-1";2783770;"{""adminCode1"": ""VLG"", ""lng"": ""3"", ""geonameId"": 2783770, ""toponymName"": ""Provincie West-Vlaanderen"", ""countryId"": ""2802361"", ""fcl"": ""A"", ""population"": 1195796, ""countryCode"": ""BE"", ""name"": ""West Flanders"", ""fclName"": ""country, state, region,..."", ""adminCodes1"": {""ISO3166_2"": ""VLG""}, ""countryName"": ""Belgium"", ""fcodeName"": ""second-order administrative division"", ""adminName1"": ""Flanders"", ""lat"": ""51"", ""fcode"": ""ADM2""}";"Provincie West-Vlaanderen";"BEL";"EU";"51";"3";"[2802361, 3337388, 2783770]";"2019-04-06T00:00:00";"['h3n1', 'LPAI']";"{""domestic bird"": [""chicken""]}";"";"";"";"";6;14;7.0;4;2019;"spring"
32;"254509";"-1";"-1";2783770;"{""adminCode1"": ""VLG"", ""lng"": ""3"", ""geonameId"": 2783770, ""toponymName"": ""Provincie West-Vlaanderen"", ""countryId"": ""2802361"", ""fcl"": ""A"", ""population"": 1195796, ""countryCode"": ""BE"", ""name"": ""West Flanders"", ""fclName"": ""country, state, region,..."", ""adminCodes1"": {""ISO3166_2"": ""VLG""}, ""countryName"": ""Belgium"", ""fcodeName"": ""second-order administrative division"", ""adminName1"": ""Flanders"", ""lat"": ""51"", ""fcode"": ""ADM2""}";"Provincie West-Vlaanderen";"BEL";"EU";"51";"3";"[2802361, 3337388, 2783770]";"2019-06-14T00:00:00";"['h3', 'AI-unknown']";"{""domestic bird"": [""chicken""]}";"";"";"";"";14;24;12.0;6;2019;"spring"
33;"254510";"-1";"-1";2789733;"{""adminCode1"": ""VLG"", ""lng"": ""3.75"", ""geonameId"": 2789733, ""toponymName"": ""Provincie Oost-Vlaanderen"", ""countryId"": ""2802361"", ""fcl"": ""A"", ""population"": 1515064, ""countryCode"": ""BE"", ""name"": ""East Flanders"", ""fclName"": ""country, state, region,..."", ""adminCodes1"": {""ISO3166_2"": ""VLG""}, ""countryName"": ""Belgium"", ""fcodeName"": ""second-order administrative division"", ""adminName1"": ""Flanders"", ""lat"": ""51"", ""fcode"": ""ADM2""}";"Provincie Oost-Vlaanderen";"BEL";"EU";"51";"3.75";"[2802361, 3337388, 2789733]";"2019-06-14T00:00:00";"['h3', 'AI-unknown']";"{""domestic bird"": [""chicken""]}";"";"";"";"";14;24;12.0;6;2019;"spring"
34;"254511";"-1";"-1";2803138;"{""adminCode1"": ""VLG"", ""lng"": ""4.40026"", ""geonameId"": 2803138, ""toponymName"": ""Antwerpen"", ""countryId"": ""2802361"", ""fcl"": ""P"", ""population"": 529247, ""countryCode"": ""BE"", ""name"": ""Antwerp"", ""fclName"": ""city, village,..."", ""adminCodes1"": {""ISO3166_2"": ""VLG""}, ""countryName"": ""Belgium"", ""fcodeName"": ""populated place"", ""adminName1"": ""Flanders"", ""lat"": ""51.22047"", ""fcode"": ""PPL""}";"Antwerpen";"BEL";"EU";"51.22047";"4.40026";"[2802361, 3337388, 2803136, 2803137, 2803139, 2803138]";"2019-06-14T00:00:00";"['h3', 'AI-unknown']";"{""domestic bird"": [""chicken""]}";"";"";"";"";14;24;12.0;6;2019;"spring"
35;"254512";"-1";"-1";2792413;"{""adminCode1"": ""WAL"", ""lng"": ""5.56749"", ""geonameId"": 2792413, ""toponymName"": ""Li\u00e8ge"", ""countryId"": ""2802361"", ""fcl"": ""P"", ""population"": 195278, ""countryCode"": ""BE"", ""name"": ""Li\u00e8ge"", ""fclName"": ""city, village,..."", ""adminCodes1"": {""ISO3166_2"": ""WAL""}, ""countryName"": ""Belgium"", ""fcodeName"": ""populated place"", ""adminName1"": ""Wallonia"", ""lat"": ""50.63373"", ""fcode"": ""PPL""}";"Liège";"BEL";"EU";"50.63373";"5.56749";"[2802361, 3337387, 2792411, 2792412, 2792414, 2792413]";"2019-06-14T00:00:00";"['h3', 'AI-unknown']";"{""domestic bird"": [""chicken""]}";"";"";"";"";14;24;12.0;6;2019;"spring"
36;"254513";"-1";"-1";2802698;"{""adminCode1"": ""WAL"", ""lng"": ""5.73673"", ""geonameId"": 2802698, ""toponymName"": ""Baraque de Fraiture"", ""countryId"": ""2802361"", ""fcl"": ""T"", ""population"": 0, ""countryCode"": ""BE"", ""name"": ""Baraque de Fraiture"", ""fclName"": ""mountain,hill,rock,... "", ""adminCodes1"": {""ISO3166_2"": ""WAL""}, ""countryName"": ""Belgium"", ""fcodeName"": ""mountain"", ""adminName1"": ""Wallonia"", ""lat"": ""50.25013"", ""fcode"": ""MT""}";"Baraque de Fraiture";"BEL";"EU";"50.25013";"5.73673";"[2802361, 3337387, 2791993, 2802582, 2784776, 2802698]";"2019-06-14T00:00:00";"['h3', 'AI-unknown']";"{""domestic bird"": [""chicken""]}";"";"";"";"";14;24;12.0;6;2019;"spring"
37;"247851";"-1";"-1";1668988;"{""adminCode1"": ""04"", ""lng"": ""120.24389"", ""geonameId"": 1668988, ""toponymName"": ""Shuilin"", ""countryId"": ""1668284"", ""fcl"": ""P"", ""population"": 0, ""countryCode"": ""TW"", ""name"": ""Shuilin"", ""fclName"": ""city, village,..."", ""countryName"": ""Taiwan"", ""fcodeName"": ""populated place"", ""adminName1"": ""Taiwan"", ""lat"": ""23.57278"", ""fcode"": ""PPL""}";"Shuilin";"TWN";"AS";"23.57278";"120.24389";"[1668284, 7280291, 1665194, 1668987, 11701990, 1668988]";"2019-02-26T00:00:00";"['h5n2', 'LPAI']";"{""domestic bird"": [""turkey""]}";"";"";"";"";26;9;5.0;2;2019;"winter"
38;"247631";"-1";"-1";1271113;"{""adminCode1"": ""38"", ""lng"": ""87.2125"", ""geonameId"": 1271113, ""toponymName"": ""Godda"", ""countryId"": ""1269750"", ""fcl"": ""P"", ""population"": 43658, ""countryCode"": ""IN"", ""name"": ""Godda"", ""fclName"": ""city, village,..."", ""adminCodes1"": {""ISO3166_2"": ""JH""}, ""countryName"": ""India"", ""fcodeName"": ""populated place"", ""adminName1"": ""Jharkhand"", ""lat"": ""24.827"", ""fcode"": ""PPL""}";"Godda";"IND";"AS";"24.827";"87.2125";"[1269750, 1444365, 7627174, 1271113]";"2019-02-22T00:00:00";"['h5n1', 'HPAI']";"{""wild bird"": [""crow""]}";"";"";"";"";22;8;4.0;2;2019;"winter"
39;"247632";"-1";"-1";1270723;"{""adminCode1"": ""38"", ""lng"": ""85.82523"", ""geonameId"": 1270723, ""toponymName"": ""Gumia"", ""countryId"": ""1269750"", ""fcl"": ""P"", ""population"": 47121, ""countryCode"": ""IN"", ""name"": ""Gumia"", ""fclName"": ""city, village,..."", ""adminCodes1"": {""ISO3166_2"": ""JH""}, ""countryName"": ""India"", ""fcodeName"": ""populated place"", ""adminName1"": ""Jharkhand"", ""lat"": ""23.7975"", ""fcode"": ""PPL""}";"Gumia";"IND";"AS";"23.7975";"85.82523";"[1269750, 1444365, 7701427, 1270723]";"2019-02-22T00:00:00";"['h5n1', 'HPAI']";"{""wild bird"": [""crow""]}";"";"";"";"";22;8;4.0;2;2019;"winter"
40;"247766";"-1";"-1";11497851;"{""adminCode1"": ""46"", ""lng"": ""9.16864"", ""geonameId"": 11497851, ""toponymName"": ""Sabon Garin Narabi"", ""countryId"": ""2328926"", ""fcl"": ""P"", ""population"": 0, ""countryCode"": ""NG"", ""name"": ""Sabon Garin Narabi"", ""fclName"": ""city, village,..."", ""adminCodes1"": {""ISO3166_2"": ""BA""}, ""countryName"": ""Nigeria"", ""fcodeName"": ""populated place"", ""adminName1"": ""Bauchi"", ""lat"": ""10.39122"", ""fcode"": ""PPL""}";"Sabon Garin Narabi";"NGA";"AF";"10.39122";"9.16864";"[2328926, 2347468, 8634266, 9412816, 11497851]";"2019-02-27T00:00:00";"['h5n8', 'HPAI']";"{""domestic bird"": [""chicken""]}";"";"";"";"";27;9;5.0;2;2019;"winter"
41;"246208";"-1";"-1";3367073;"{""adminCode1"": ""31"", ""lng"": ""15.07998"", ""geonameId"": 3367073, ""toponymName"": ""Halifax Island"", ""countryId"": ""3355338"", ""fcl"": ""T"", ""population"": 0, ""countryCode"": ""NA"", ""name"": ""Halifax Island"", ""fclName"": ""mountain,hill,rock,... "", ""adminCodes1"": {""ISO3166_2"": ""KA""}, ""countryName"": ""Namibia"", ""fcodeName"": ""island"", ""adminName1"": ""Karas"", ""lat"": ""-26.65098"", ""fcode"": ""ISL""}";"Halifax Island";"NAM";"AF";"-26.65098";"15.07998";"[3355338, 3371201, 3367073]";"2019-02-12T00:00:00";"['h5n8', 'HPAI']";"{""wild bird"": [""penguin""]}";"";"";"";"";12;7;4.0;2;2019;"winter"
42;"246781";"-1";"-1";3355672;"{""adminCode1"": ""31"", ""lng"": ""15.15383"", ""geonameId"": 3355672, ""toponymName"": ""L\u00fcderitz"", ""countryId"": ""3355338"", ""fcl"": ""P"", ""population"": 15137, ""countryCode"": ""NA"", ""name"": ""L\u00fcderitz"", ""fclName"": ""city, village,..."", ""adminCodes1"": {""ISO3166_2"": ""KA""}, ""countryName"": ""Namibia"", ""fcodeName"": ""populated place"", ""adminName1"": ""Karas"", ""lat"": ""-26.64807"", ""fcode"": ""PPL""}";"Lüderitz";"NAM";"AF";"-26.64807";"15.15383";"[3355338, 3371201, 3355672]";"2019-02-12T00:00:00";"['h5n8', 'HPAI']";"{""wild bird"": [""penguin""]}";"";"";"";"";12;7;4.0;2;2019;"winter"
43;"246271";"-1";"-1";17978;"{""adminCode1"": ""01"", ""lng"": ""45.9676"", ""geonameId"": 17978, ""toponymName"": ""\u1e28\u0101\u015fel Q\u016bb\u012b-ye Afsh\u0101r"", ""countryId"": ""130758"", ""fcl"": ""P"", ""population"": 0, ""countryCode"": ""IR"", ""name"": ""\u1e28\u0101\u015fel Q\u016bb\u012b-ye Afsh\u0101r"", ""fclName"": ""city, village,..."", ""adminCodes1"": {""ISO3166_2"": ""04""}, ""countryName"": ""Iran"", ""fcodeName"": ""populated place"", ""adminName1"": ""West Azerbaijan"", ""lat"": ""37.0286"", ""fcode"": ""PPL""}";"Ḩāşel Qūbī-ye Afshār";"IRN";"AS";"37.0286";"45.9676";"[130758, 142550, 17978]";"2019-02-05T00:00:00";"['h5n8', 'HPAI']";"{""bird-unknown"": [""subtype-unknown""]}";"";"";"";"";5;6;3.0;2;2019;"winter"
44;"247850";"-1";"-1";6652012;"{""adminCode1"": ""04"", ""lng"": ""120.84887"", ""geonameId"": 6652012, ""toponymName"": ""Dongshi"", ""countryId"": ""1668284"", ""fcl"": ""T"", ""population"": 0, ""countryCode"": ""TW"", ""name"": ""Dongshi"", ""fclName"": ""mountain,hill,rock,... "", ""countryName"": ""Taiwan"", ""fcodeName"": ""peak"", ""adminName1"": ""Taiwan"", ""lat"": ""24.27933"", ""fcode"": ""PK""}";"Dongshi";"TWN";"AS";"24.27933";"120.84887";"[1668284, 7280291, 9613500, 1666462, 11699720, 6652012]";"2019-02-26T00:00:00";"['h5n2', 'LPAI']";"{""domestic bird"": [""chicken""]}";"";"";"";"";26;9;5.0;2;2019;"winter"
45;"246270";"-1";"-1";7425313;"{""adminCode1"": ""08"", ""lng"": ""49.90389"", ""geonameId"": 7425313, ""toponymName"": ""Eshl\u012bk\u012b"", ""countryId"": ""130758"", ""fcl"": ""P"", ""population"": 0, ""countryCode"": ""IR"", ""name"": ""Eshl\u012bk\u012b"", ""fclName"": ""city, village,..."", ""adminCodes1"": {""ISO3166_2"": ""01""}, ""countryName"": ""Iran"", ""fcodeName"": ""populated place"", ""adminName1"": ""G\u012bl\u0101n"", ""lat"": ""37.28681"", ""fcode"": ""PPL""}";"Eshlīkī";"IRN";"AS";"37.28681";"49.90389";"[130758, 133349, 7425313]";"2019-02-05T00:00:00";"['h5n8', 'HPAI']";"{""bird-unknown"": [""subtype-unknown""]}";"";"";"";"";5;6;3.0;2;2019;"winter"
46;"247662";"-1";"-1";10995954;"{""adminCode1"": ""38"", ""lng"": ""87.36731"", ""geonameId"": 10995954, ""toponymName"": ""Mehrma"", ""countryId"": ""1269750"", ""fcl"": ""P"", ""population"": 0, ""countryCode"": ""IN"", ""name"": ""Mehrma"", ""fclName"": ""city, village,..."", ""adminCodes1"": {""ISO3166_2"": ""JH""}, ""countryName"": ""India"", ""fcodeName"": ""populated place"", ""adminName1"": ""Jharkhand"", ""lat"": ""25.20048"", ""fcode"": ""PPL""}";"Mehrma";"IND";"AS";"25.20048";"87.36731";"[1269750, 1444365, 7627174, 10995954]";"2019-02-16T00:00:00";"['h5n1', 'HPAI']";"{""bird-unknown"": [""subtype-unknown""]}";"";"";"";"";16;7;4.0;2;2019;"winter"
47;"246251";"-1";"-1";285815;"{""adminCode1"": ""07"", ""lng"": ""47.95861"", ""geonameId"": 285815, ""toponymName"": ""Al Farw\u0101n\u012byah"", ""countryId"": ""285570"", ""fcl"": ""P"", ""population"": 86525, ""countryCode"": ""KW"", ""name"": ""Al Farw\u0101n\u012byah"", ""fclName"": ""city, village,..."", ""adminCodes1"": {""ISO3166_2"": ""FA""}, ""countryName"": ""Kuwait"", ""fcodeName"": ""seat of a first-order administrative division"", ""adminName1"": ""Al Farwaniyah"", ""lat"": ""29.2775"", ""fcode"": ""PPLA""}";"Al Farwānīyah";"KWT";"AS";"29.2775";"47.95861";"[285570, 285816, 285815]";"2019-02-05T00:00:00";"['h5n8', 'HPAI']";"{""bird-unknown"": [""subtype-unknown""]}";"";"";"";"";5;6;3.0;2;2019;"winter"
48;"260130";"-1";"-1";3508796;"{""adminCode1"": ""00"", ""lng"": ""-70.66667"", ""geonameId"": 3508796, ""toponymName"": ""Dominican Republic"", ""countryId"": ""3508796"", ""fcl"": ""A"", ""population"": 10627165, ""countryCode"": ""DO"", ""name"": ""Dominican Republic"", ""fclName"": ""country, state, region,..."", ""countryName"": ""Dominican Republic"", ""fcodeName"": ""independent political entity"", ""adminName1"": """", ""lat"": ""19"", ""fcode"": ""PCLI""}";"Dominican Republic";"DOM";"NA";"19";"-70.66667";"[3508796]";"2019-10-16T00:00:00";"['h5n2', 'LPAI']";"{""domestic bird"": [""chicken""]}";"";"";"";"";16;42;21.0;10;2019;"autumn"
49;"246066";"-1";"-1";1674374;"{""adminCode1"": ""04"", ""lng"": ""120.97528"", ""geonameId"": 1674374, ""toponymName"": ""Xinfeng"", ""countryId"": ""1668284"", ""fcl"": ""P"", ""population"": 0, ""countryCode"": ""TW"", ""name"": ""Xinfeng"", ""fclName"": ""city, village,..."", ""countryName"": ""Taiwan"", ""fcodeName"": ""populated place"", ""adminName1"": ""Taiwan"", ""lat"": ""24.91444"", ""fcode"": ""PPL""}";"Xinfeng";"TWN";"AS";"24.91444";"120.97528";"[1668284, 7280291, 1675107, 1675092, 11698742, 1674374]";"2019-01-28T00:00:00";"['h5n2', 'LPAI']";"{""domestic bird"": [""chicken""]}";"";"";"";"";28;5;3.0;1;2019;"winter"
50;"246335";"-1";"-1";1846266;"{""adminCode1"": ""01"", ""lng"": ""126.52194"", ""geonameId"": 1846266, ""toponymName"": ""Jeju City"", ""countryId"": ""1835841"", ""fcl"": ""P"", ""population"": 486306, ""countryCode"": ""KR"", ""name"": ""Jeju City"", ""fclName"": ""city, village,..."", ""adminCodes1"": {""ISO3166_2"": ""49""}, ""countryName"": ""South Korea"", ""fcodeName"": ""seat of a first-order administrative division"", ""adminName1"": ""Jeju-do"", ""lat"": ""33.50972"", ""fcode"": ""PPLA""}";"Jeju City";"KOR";"AS";"33.50972";"126.52194";"[1835841, 1846265, 1846266]";"2019-01-29T00:00:00";"['h7', 'AI-unknown']";"{""bird-unknown"": [""subtype-unknown""]}";"";"";"";"";29;5;3.0;1;2019;"winter"
51;"246258";"-1";"-1";115248;"{""adminCode1"": ""36"", ""lng"": ""49.25363"", ""geonameId"": 115248, ""toponymName"": ""Shen\u0101\u0163"", ""countryId"": ""130758"", ""fcl"": ""P"", ""population"": 0, ""countryCode"": ""IR"", ""name"": ""Shen\u0101\u0163"", ""fclName"": ""city, village,..."", ""adminCodes1"": {""ISO3166_2"": ""19""}, ""countryName"": ""Iran"", ""fcodeName"": ""section of populated place"", ""adminName1"": ""Zanjan"", ""lat"": ""36.16075"", ""fcode"": ""PPLX""}";"Shenāţ";"IRN";"AS";"36.16075";"49.25363";"[130758, 111452, 115248]";"2019-02-02T00:00:00";"['h5n8', 'HPAI']";"{""bird-unknown"": [""subtype-unknown""]}";"";"";"";"";2;5;3.0;2;2019;"winter"
52;"251909";"-1";"-1";3505867;"{""adminCode1"": ""08"", ""lng"": ""-70.41667"", ""geonameId"": 3505867, ""toponymName"": ""Provincia Espaillat"", ""countryId"": ""3508796"", ""fcl"": ""A"", ""population"": 225091, ""countryCode"": ""DO"", ""name"": ""Provincia Espaillat"", ""fclName"": ""country, state, region,..."", ""adminCodes1"": {""ISO3166_2"": ""09""}, ""countryName"": ""Dominican Republic"", ""fcodeName"": ""first-order administrative division"", ""adminName1"": ""Espaillat"", ""lat"": ""19.58333"", ""fcode"": ""ADM1""}";"Provincia Espaillat";"DOM";"NA";"19.58333";"-70.41667";"[3508796, 3505867]";"2019-04-22T00:00:00";"['h5n2', 'LPAI']";"{""bird-unknown"": [""subtype-unknown""]}";"";"";"";"";22;17;9.0;4;2019;"spring"
53;"245813";"-1";"-1";478626;"{""adminCode1"": ""68"", ""lng"": ""44.09412"", ""geonameId"": 478626, ""toponymName"": ""Ursdon"", ""countryId"": ""2017370"", ""fcl"": ""P"", ""population"": 0, ""countryCode"": ""RU"", ""name"": ""Ursdon"", ""fclName"": ""city, village,..."", ""adminCodes1"": {""ISO3166_2"": ""SE""}, ""countryName"": ""Russia"", ""fcodeName"": ""populated place"", ""adminName1"": ""North Ossetia\u2013Alania"", ""lat"": ""43.10095"", ""fcode"": ""PPL""}";"Ursdon";"RUS";"EU";"43.10095";"44.09412";"[2017370, 519969, 478626]";"2019-01-28T00:00:00";"['h5', 'AI-unknown']";"{""domestic bird"": [""turkey""]}";"";"";"";"";28;5;3.0;1;2019;"winter"
54;"251908";"-1";"-1";3505867;"{""adminCode1"": ""08"", ""lng"": ""-70.41667"", ""geonameId"": 3505867, ""toponymName"": ""Provincia Espaillat"", ""countryId"": ""3508796"", ""fcl"": ""A"", ""population"": 225091, ""countryCode"": ""DO"", ""name"": ""Provincia Espaillat"", ""fclName"": ""country, state, region,..."", ""adminCodes1"": {""ISO3166_2"": ""09""}, ""countryName"": ""Dominican Republic"", ""fcodeName"": ""first-order administrative division"", ""adminName1"": ""Espaillat"", ""lat"": ""19.58333"", ""fcode"": ""ADM1""}";"Provincia Espaillat";"DOM";"NA";"19.58333";"-70.41667";"[3508796, 3505867]";"2019-04-22T00:00:00";"['h5n2', 'LPAI']";"{""bird-unknown"": [""subtype-unknown""]}";"";"";"";"";22;17;9.0;4;2019;"spring"
55;"245707";"-1";"-1";2347470;"{""adminCode1"": ""46"", ""lng"": ""9.84388"", ""geonameId"": 2347470, ""toponymName"": ""Bauchi"", ""countryId"": ""2328926"", ""fcl"": ""P"", ""population"": 693700, ""countryCode"": ""NG"", ""name"": ""Bauchi"", ""fclName"": ""city, village,..."", ""adminCodes1"": {""ISO3166_2"": ""BA""}, ""countryName"": ""Nigeria"", ""fcodeName"": ""seat of a first-order administrative division"", ""adminName1"": ""Bauchi"", ""lat"": ""10.31032"", ""fcode"": ""PPLA""}";"Bauchi";"NGA";"AF";"10.31032";"9.84388";"[2328926, 2347468, 7729984, 9412620, 2347470]";"2019-01-24T00:00:00";"['h5n8', 'HPAI']";"{""domestic bird"": [""chicken""]}";"";"";"";"";24;4;2.0;1;2019;"winter"
56;"263758";"-1";"-1";358448;"{""adminCode1"": ""03"", ""lng"": ""30.46823"", ""geonameId"": 358448, ""toponymName"": ""Damanh\u016br"", ""countryId"": ""357994"", ""fcl"": ""P"", ""population"": 318207, ""countryCode"": ""EG"", ""name"": ""Damanhur"", ""fclName"": ""city, village,..."", ""adminCodes1"": {""ISO3166_2"": ""BH""}, ""countryName"": ""Egypt"", ""fcodeName"": ""seat of a first-order administrative division"", ""adminName1"": ""Beheira"", ""lat"": ""31.03408"", ""fcode"": ""PPLA""}";"Damanhūr";"EGY";"AF";"31.03408";"30.46823";"[357994, 361370, 358448]";"2019-12-02T00:00:00";"['h5n2', 'LPAI']";"{""domestic bird"": [""chicken""]}";"";"";"";"";2;49;25.0;12;2019;"autumn"
57;"246065";"-1";"-1";6601040;"{""adminCode1"": ""04"", ""lng"": ""120.48472"", ""geonameId"": 6601040, ""toponymName"": ""Ligang Tifang"", ""countryId"": ""1668284"", ""fcl"": ""T"", ""population"": 0, ""countryCode"": ""TW"", ""name"": ""Li-kang Levee"", ""fclName"": ""mountain,hill,rock,... "", ""countryName"": ""Taiwan"", ""fcodeName"": ""levee"", ""adminName1"": ""Taiwan"", ""lat"": ""22.77972"", ""fcode"": ""LEV""}";"Ligang Tifang";"TWN";"AS";"22.77972";"120.48472";"[1668284, 7280291, 6601040]";"2019-01-28T00:00:00";"['h5n2', 'LPAI']";"{""wild bird"": [""duck""]}";"";"";"";"";28;5;3.0;1;2019;"winter"
58;"251907";"-1";"-1";3505867;"{""adminCode1"": ""08"", ""lng"": ""-70.41667"", ""geonameId"": 3505867, ""toponymName"": ""Provincia Espaillat"", ""countryId"": ""3508796"", ""fcl"": ""A"", ""population"": 225091, ""countryCode"": ""DO"", ""name"": ""Provincia Espaillat"", ""fclName"": ""country, state, region,..."", ""adminCodes1"": {""ISO3166_2"": ""09""}, ""countryName"": ""Dominican Republic"", ""fcodeName"": ""first-order administrative division"", ""adminName1"": ""Espaillat"", ""lat"": ""19.58333"", ""fcode"": ""ADM1""}";"Provincia Espaillat";"DOM";"NA";"19.58333";"-70.41667";"[3508796, 3505867]";"2019-04-22T00:00:00";"['h5n2', 'LPAI']";"{""domestic bird"": [""chicken""]}";"";"";"";"";22;17;9.0;4;2019;"spring"
59;"245812";"-1";"-1";2347470;"{""adminCode1"": ""46"", ""lng"": ""9.84388"", ""geonameId"": 2347470, ""toponymName"": ""Bauchi"", ""countryId"": ""2328926"", ""fcl"": ""P"", ""population"": 693700, ""countryCode"": ""NG"", ""name"": ""Bauchi"", ""fclName"": ""city, village,..."", ""adminCodes1"": {""ISO3166_2"": ""BA""}, ""countryName"": ""Nigeria"", ""fcodeName"": ""seat of a first-order administrative division"", ""adminName1"": ""Bauchi"", ""lat"": ""10.31032"", ""fcode"": ""PPLA""}";"Bauchi";"NGA";"AF";"10.31032";"9.84388";"[2328926, 2347468, 7729984, 9412620, 2347470]";"2019-01-28T00:00:00";"['h5n8', 'HPAI']";"{""domestic bird"": [""chicken""]}";"";"";"";"";28;5;3.0;1;2019;"winter"
60;"251906";"-1";"-1";3505867;"{""adminCode1"": ""08"", ""lng"": ""-70.41667"", ""geonameId"": 3505867, ""toponymName"": ""Provincia Espaillat"", ""countryId"": ""3508796"", ""fcl"": ""A"", ""population"": 225091, ""countryCode"": ""DO"", ""name"": ""Provincia Espaillat"", ""fclName"": ""country, state, region,..."", ""adminCodes1"": {""ISO3166_2"": ""09""}, ""countryName"": ""Dominican Republic"", ""fcodeName"": ""first-order administrative division"", ""adminName1"": ""Espaillat"", ""lat"": ""19.58333"", ""fcode"": ""ADM1""}";"Provincia Espaillat";"DOM";"NA";"19.58333";"-70.41667";"[3508796, 3505867]";"2019-04-22T00:00:00";"['h5n2', 'LPAI']";"{""domestic bird"": [""chicken""]}";"";"";"";"";22;17;9.0;4;2019;"spring"
61;"253079";"-1";"-1";1678712;"{""adminCode1"": ""04"", ""lng"": ""121.77694"", ""geonameId"": 1678712, ""toponymName"": ""Jiaoxi Gongyuan"", ""countryId"": ""1668284"", ""fcl"": ""L"", ""population"": 0, ""countryCode"": ""TW"", ""name"": ""Chiao-hsi Park"", ""fclName"": ""parks,area, ..."", ""countryName"": ""Taiwan"", ""fcodeName"": ""park"", ""adminName1"": ""Taiwan"", ""lat"": ""24.83139"", ""fcode"": ""PRK""}";"Jiaoxi Gongyuan";"TWN";"AS";"24.83139";"121.77694";"[1668284, 7280291, 1674197, 1678713, 1665174, 1678712]";"2019-05-13T00:00:00";"['h7n7', 'LPAI']";"{""wild bird"": [""duck""]}";"";"";"";"";13;20;10.0;5;2019;"spring"
62;"245688";"-1";"-1";1665196;"{""adminCode1"": ""04"", ""lng"": ""120.54333"", ""geonameId"": 1665196, ""toponymName"": ""Douliu"", ""countryId"": ""1668284"", ""fcl"": ""P"", ""population"": 104723, ""countryCode"": ""TW"", ""name"": ""Douliu"", ""fclName"": ""city, village,..."", ""countryName"": ""Taiwan"", ""fcodeName"": ""seat of a second-order administrative division"", ""adminName1"": ""Taiwan"", ""lat"": ""23.70944"", ""fcode"": ""PPLA2""}";"Douliu";"TWN";"AS";"23.70944";"120.54333";"[1668284, 7280291, 1665194, 1667006, 1665196]";"2019-01-21T00:00:00";"['h5n2', 'LPAI']";"{""domestic bird"": [""chicken""]}";"";"";"";"";21;4;2.0;1;2019;"winter"
63;"251905";"-1";"-1";3505867;"{""adminCode1"": ""08"", ""lng"": ""-70.41667"", ""geonameId"": 3505867, ""toponymName"": ""Provincia Espaillat"", ""countryId"": ""3508796"", ""fcl"": ""A"", ""population"": 225091, ""countryCode"": ""DO"", ""name"": ""Provincia Espaillat"", ""fclName"": ""country, state, region,..."", ""adminCodes1"": {""ISO3166_2"": ""09""}, ""countryName"": ""Dominican Republic"", ""fcodeName"": ""first-order administrative division"", ""adminName1"": ""Espaillat"", ""lat"": ""19.58333"", ""fcode"": ""ADM1""}";"Provincia Espaillat";"DOM";"NA";"19.58333";"-70.41667";"[3508796, 3505867]";"2019-04-22T00:00:00";"['h5n2', 'LPAI']";"{""domestic bird"": [""chicken""]}";"";"";"";"";22;17;9.0;4;2019;"spring"
64;"247391";"-1";"-1";3369157;"{""adminCode1"": ""11"", ""lng"": ""18.42322"", ""geonameId"": 3369157, ""toponymName"": ""Cape Town"", ""countryId"": ""953987"", ""fcl"": ""P"", ""population"": 4710000, ""countryCode"": ""ZA"", ""name"": ""Cape Town"", ""fclName"": ""city, village,..."", ""adminCodes1"": {""ISO3166_2"": ""WC""}, ""countryName"": ""South Africa"", ""fcodeName"": ""seat of a first-order administrative division"", ""adminName1"": ""Western Cape"", ""lat"": ""-33.92584"", ""fcode"": ""PPLA""}";"Cape Town";"ZAF";"AF";"-33.92584";"18.42322";"[953987, 1085599, 8334583, 8347437, 3369157]";"2019-02-18T00:00:00";"['h5n8', 'HPAI']";"{""domestic bird"": [""ostrich""]}";"";"";"";"";18;8;4.0;2;2019;"winter"
65;"251904";"-1";"-1";3505867;"{""adminCode1"": ""08"", ""lng"": ""-70.41667"", ""geonameId"": 3505867, ""toponymName"": ""Provincia Espaillat"", ""countryId"": ""3508796"", ""fcl"": ""A"", ""population"": 225091, ""countryCode"": ""DO"", ""name"": ""Provincia Espaillat"", ""fclName"": ""country, state, region,..."", ""adminCodes1"": {""ISO3166_2"": ""09""}, ""countryName"": ""Dominican Republic"", ""fcodeName"": ""first-order administrative division"", ""adminName1"": ""Espaillat"", ""lat"": ""19.58333"", ""fcode"": ""ADM1""}";"Provincia Espaillat";"DOM";"NA";"19.58333";"-70.41667";"[3508796, 3505867]";"2019-04-22T00:00:00";"['h5n2', 'LPAI']";"{""bird-unknown"": [""subtype-unknown""]}";"";"";"";"";22;17;9.0;4;2019;"spring"
66;"246690";"-1";"-1";1922788;"{""adminCode1"": ""16"", ""lng"": ""126.55722"", ""geonameId"": 1922788, ""toponymName"": ""Yeongamcheon"", ""countryId"": ""1835841"", ""fcl"": ""H"", ""population"": 0, ""countryCode"": ""KR"", ""name"": ""Yeongamcheon"", ""fclName"": ""stream, lake, ..."", ""adminCodes1"": {""ISO3166_2"": ""46""}, ""countryName"": ""South Korea"", ""fcodeName"": ""stream"", ""adminName1"": ""Jeollanam-do"", ""lat"": ""34.81861"", ""fcode"": ""STM""}";"Yeongamcheon";"KOR";"AS";"34.81861";"126.55722";"[1835841, 1845788, 1922788]";"2019-01-10T00:00:00";"['h7n7', 'LPAI']";"{""bird-unknown"": [""subtype-unknown""]}";"";"";"";"";10;2;1.0;1;2019;"winter"
67;"247750";"-1";"-1";1176615;"{""adminCode1"": ""08"", ""lng"": ""73.04329"", ""geonameId"": 1176615, ""toponymName"": ""Islamabad"", ""countryId"": ""1168579"", ""fcl"": ""P"", ""population"": 601600, ""countryCode"": ""PK"", ""name"": ""Islamabad"", ""fclName"": ""city, village,..."", ""adminCodes1"": {""ISO3166_2"": ""IS""}, ""countryName"": ""Pakistan"", ""fcodeName"": ""capital of a political entity"", ""adminName1"": ""Islamabad"", ""lat"": ""33.72148"", ""fcode"": ""PPLC""}";"Islamabad";"PAK";"AS";"33.72148";"73.04329";"[1168579, 1162015, 1176615]";"2019-02-26T00:00:00";"['h5n8', 'HPAI']";"{""wild bird"": [""crow""]}";"";"";"";"";26;9;5.0;2;2019;"winter"
68;"263759";"-1";"-1";361320;"{""adminCode1"": ""04"", ""lng"": ""30.8418"", ""geonameId"": 361320, ""toponymName"": ""Al Fayy\u016bm"", ""countryId"": ""357994"", ""fcl"": ""P"", ""population"": 519047, ""countryCode"": ""EG"", ""name"": ""Al Fayyum"", ""fclName"": ""city, village,..."", ""adminCodes1"": {""ISO3166_2"": ""FYM""}, ""countryName"": ""Egypt"", ""fcodeName"": ""seat of a first-order administrative division"", ""adminName1"": ""Faiyum"", ""lat"": ""29.30995"", ""fcode"": ""PPLA""}";"Al Fayyūm";"EGY";"AF";"29.30995";"30.8418";"[357994, 361323, 361320]";"2019-12-02T00:00:00";"['h5n2', 'LPAI']";"{""domestic bird"": [""chicken""]}";"";"";"";"";2;49;25.0;12;2019;"autumn"
69;"245197";"-1";"-1";478626;"{""adminCode1"": ""68"", ""lng"": ""44.09412"", ""geonameId"": 478626, ""toponymName"": ""Ursdon"", ""countryId"": ""2017370"", ""fcl"": ""P"", ""population"": 0, ""countryCode"": ""RU"", ""name"": ""Ursdon"", ""fclName"": ""city, village,..."", ""adminCodes1"": {""ISO3166_2"": ""SE""}, ""countryName"": ""Russia"", ""fcodeName"": ""populated place"", ""adminName1"": ""North Ossetia\u2013Alania"", ""lat"": ""43.10095"", ""fcode"": ""PPL""}";"Ursdon";"RUS";"EU";"43.10095";"44.09412";"[2017370, 519969, 478626]";"2019-01-11T00:00:00";"['h5', 'AI-unknown']";"{""domestic bird"": [""turkey""]}";"";"";"";"";11;2;1.0;1;2019;"winter"
70;"245500";"-1";"-1";2614515;"{""adminCode1"": ""20"", ""lng"": ""11.75268"", ""geonameId"": 2614515, ""toponymName"": ""R\u00f8rvig"", ""countryId"": ""2623032"", ""fcl"": ""P"", ""population"": 1042, ""countryCode"": ""DK"", ""name"": ""R\u00f8rvig"", ""fclName"": ""city, village,..."", ""adminCodes1"": {""ISO3166_2"": ""85""}, ""countryName"": ""Denmark"", ""fcodeName"": ""populated place"", ""adminName1"": ""Zealand"", ""lat"": ""55.94405"", ""fcode"": ""PPL""}";"Rørvig";"DNK";"EU";"55.94405";"11.75268";"[2623032, 6418541, 6543928, 2614515]";"2019-01-21T00:00:00";"['h5n6', 'HPAI']";"{""wild bird"": [""buzzard""]}";"";"";"";"";21;4;2.0;1;2019;"winter"
71;"247749";"-1";"-1";1176615;"{""adminCode1"": ""08"", ""lng"": ""73.04329"", ""geonameId"": 1176615, ""toponymName"": ""Islamabad"", ""countryId"": ""1168579"", ""fcl"": ""P"", ""population"": 601600, ""countryCode"": ""PK"", ""name"": ""Islamabad"", ""fclName"": ""city, village,..."", ""adminCodes1"": {""ISO3166_2"": ""IS""}, ""countryName"": ""Pakistan"", ""fcodeName"": ""capital of a political entity"", ""adminName1"": ""Islamabad"", ""lat"": ""33.72148"", ""fcode"": ""PPLC""}";"Islamabad";"PAK";"AS";"33.72148";"73.04329";"[1168579, 1162015, 1176615]";"2019-02-26T00:00:00";"['h5n8', 'HPAI']";"{""wild bird"": [""mallard""]}";"";"";"";"";26;9;5.0;2;2019;"winter"
72;"247749";"-1";"-1";1176615;"{""adminCode1"": ""08"", ""lng"": ""73.04329"", ""geonameId"": 1176615, ""toponymName"": ""Islamabad"", ""countryId"": ""1168579"", ""fcl"": ""P"", ""population"": 601600, ""countryCode"": ""PK"", ""name"": ""Islamabad"", ""fclName"": ""city, village,..."", ""adminCodes1"": {""ISO3166_2"": ""IS""}, ""countryName"": ""Pakistan"", ""fcodeName"": ""capital of a political entity"", ""adminName1"": ""Islamabad"", ""lat"": ""33.72148"", ""fcode"": ""PPLC""}";"Islamabad";"PAK";"AS";"33.72148";"73.04329";"[1168579, 1162015, 1176615]";"2019-02-26T00:00:00";"['h5n8', 'HPAI']";"{""wild bird"": [""duck""]}";"";"";"";"";26;9;5.0;2;2019;"winter"
